90,13,15,2,86,4,0,0,1.9563090968373003,2.6084121291164006,7.010107597000326,0,0
15,4,12,3,2,12,16.3025758069775,21.193348549070752,4.890772742093251,1.9563090968373003,0,3.2605151613955003,0
122,17,19,1,92,28,16.3025758069775,29.344636452559502,10.270622758395827,4.075643951744376,0,0,0
66,11,17,1,9,53,45.647212259537,9.781545484186502,6.3580045647212255,0,0,2.2823606129768503,0
43,9,20,0,22,20,58.03716987283991,8.15128790348875,2.6084121291164,1.7932833387675253,1.9563090968373003,0,0.013042060645582002
84,19,12,3,15,68,19.563090968373004,0,1.4672318226279752,0,0,13.857189435930877,0
105,10,14,1,69,35,8.15128790348875,8.15128790348875,0,0.8151287903488751,5.2168242582328,0,0.03749592435604826
22,6,10,2,4,18,52.168242582328006,13.042060645582001,6.031953048581675,2.2823606129768503,0,0,0
72,18,18,3,60,7,9.781545484186502,0,1.9563090968373003,1.4672318226279752,7.988262145418975,0,0
92,20,13,3,68,13,0,0,0,0,4.727746984023476,0,0.03423540919465276
68,13,17,0,52,14,71.40428425705542,0,8.160489629377762,0,1.7001020061203673,0,0
66,10,19,3,7,52,40.802448146888814,8.500510030601836,6.290377422645359,2.380142808568514,0,0,0
102,13,11,1,78,23,0,0,0,0,9.010540632437946,0,0.023801428085685142
95,16,13,1,91,3,27.201632097925874,0,6.460387623257395,0,6.290377422645359,0,0
51,7,11,1,12,37,34.002040122407344,30.60183611016661,12.410744644678681,0,0,0,0
137,15,14,1,97,39,0,0,0,1.190071404284257,7.990479428765726,0,0.028901734104046242
165,17,15,3,139,18,8.500510030601836,8.500510030601836,0,1.190071404284257,10.37062223733424,0,0.013600816048962938
13,5,12,1,4,7,56.9534172050323,23.801428085685142,5.100306018361102,0,0,0,0
86,11,24,4,50,29,96.90581434886094,0,1.7001020061203673,0,2.2101326079564774,0,0
87,13,9,1,63,23,0,0,0,1.0200612036722203,6.6303978238694325,0,0.023801428085685142
65,13,19,2,19,44,73.17965605561653,0,9.51335528723015,2.012440541529455,0,0,0
71,7,18,2,49,15,40.24881083058909,0,2.9271862422246615,4.207830223197951,5.854372484449323,0,0
71,9,9,0,66,4,10.97694840834248,0,0,2.561287961946579,7.317965605561653,0,0.014635931211123308
15,3,10,5,3,12,5.48847420417124,9.147457006952067,3.841931942919868,2.1953896816684964,0,5.488474204171241,0
98,14,14,1,76,20,0,0,0,0,8.598609586534943,0,0.02561287961946579
93,15,11,2,78,6,0,0,0,0,5.305525064032199,0,0.04207830223197951
85,10,12,2,8,76,10.97694840834248,10.97694840834248,1.646542261251372,0,0,13.172338090010978,0
17,5,15,1,6,8,53.05525064032199,14.635931211123308,6.220270764727406,2.1953896816684964,0,0,0
109,20,15,5,56,42,0,0,1.646542261251372,0,2.74423710208562,7.317965605561653,0.023783388218075373
39,8,8,1,8,30,0,14.635931211123308,1.646542261251372,0,0,13.53823637028906,0
41,10,18,2,15,24,25.134048257372655,21.7828418230563,6.032171581769437,3.351206434316354,0.8378016085790885,0,0.013404825737265416
95,17,27,3,90,3,55.29490616621983,0,1.675603217158177,1.5080428954423593,4.524128686327078,0,0
72,15,15,2,4,67,10.05361930294906,0,1.5080428954423593,0,0,14.912868632707774,0.01675603217158177
11,2,15,1,4,6,38.53887399463807,8.378016085790884,4.524128686327078,0,0,0,0
107,11,15,0,92,13,0,0,0,0,8.04289544235925,0,0.02680965147453083
46,10,15,2,38,5,0,0,2.0107238605898123,1.5080428954423593,8.210455764075066,0,0
94,26,11,1,12,80,0,8.378016085790884,1.5080428954423593,0,0,15.080428954423592,0
100,17,12,1,94,5,0,0,2.0107238605898123,1.5080428954423593,6.534852546916889,0,0.015080428954423592
38,13,10,0,6,31,6.702412868632708,21.7828418230563,5.529490616621985,0,0,8.880697050938338,0
41,11,20,2,38,2,72.0509383378016,0,3.6863270777479893,0,2.8485254691689006,0,0
81,19,11,1,18,62,19.175455417066157,6.391818472355385,0,0,0,11.984659635666349,0
68,13,13,2,64,3,38.35091083413231,15.979546180888462,3.675295621604346,1.4381591562799616,3.1959092361776924,0,0
68,16,11,2,40,27,0,47.93863854266539,2.0773410035155,0,6.871204857782039,0,0
54,13,7,1,3,51,9.587727708533079,6.391818472355385,0,0,0,11.665068712048578,0
78,10,23,4,53,16,55.92841163310962,0,6.7114093959731544,0,4.634068392457654,0,0
95,13,20,2,10,84,51.134547778843086,12.78363694471077,4.47427293064877,3.9948865452221156,0,2.3969319271332696,0
114,8,19,5,105,5,38.35091083413231,7.989773090444231,3.3557046979865772,3.9948865452221156,3.515500159795462,0,0.01278363694471077
113,13,12,1,104,8,0,0,0,1.1185682326621924,8.94854586129754,0,0.023969319271332695
36,14,13,0,2,32,35.15500159795462,0,1.4381591562799616,0,0,8.788750399488656,0
77,6,18,4,58,13,41.546820070310005,0,3.1959092361776924,3.036113774368808,3.036113774368808,1.5979546180888462,0.00798977309044423
94,9,13,4,87,5,26.114206128133702,8.704735376044567,1.7409470752089136,0.8704735376044568,4.178272980501393,0,0.026114206128133706
110,16,13,3,81,24,0,0,0,1.2186629526462396,9.401114206128133,0,0.012186629526462395
76,19,11,1,7,64,20.891364902506965,13.927576601671309,1.5668523676880224,0,0,14.798050139275768,0
83,11,16,7,82,0,0,0,0,1.0445682451253482,5.048746518105849,0,0.027855153203342618
29,5,15,1,5,21,34.81894150417827,13.927576601671309,7.66016713091922,2.9596100278551534,0,0,0
27,6,23,5,5,17,74.16434540389972,0,2.7855153203342615,2.0891364902506964,0,0,0
125,15,13,2,13,106,10.445682451253482,8.704735376044567,1.5668523676880224,0,0,15.49442896935933,0
89,13,9,1,69,19,17.409470752089135,0,2.0891364902506964,0,5.396935933147632,0,0.010445682451253482
67,11,14,1,22,44,34.81894150417827,13.927576601671309,8.356545961002785,4.004178272980502,0,2.0891364902506964,0
90,12,13,1,85,4,6.963788300835654,0,0,2.437325905292479,8.704735376044567,0,0
9,3,9,17,2,7,16.909029421711192,0,2.536354413256679,3.2127155901251268,0,2.029083530605343,0
123,13,16,2,122,1,0,0,0,1.1836320595197836,11.836320595197837,0,0
108,19,16,2,99,8,0,0,1.3527223537368955,1.1836320595197836,6.594521474467365,0,0.010145417653026716
67,9,18,2,42,19,32.12715590125127,0,5.072708826513359,1.5218126479540075,4.903618532296246,0,0
98,13,16,0,9,88,10.145417653026715,18.59993236388231,1.5218126479540075,0,0,13.18904294893473,0
99,20,19,4,79,9,25.363544132566787,8.454514710855596,1.6909029421711195,1.1836320595197836,6.256340886033142,0,0.02705444707473791
16,6,16,2,5,8,65.94521474467366,0,4.396347649644911,2.029083530605343,0,0,0
122,15,18,4,120,0,67.63611768684477,16.909029421711192,3.8890767669935746,0,1.6909029421711195,0,0
83,11,9,2,79,3,0,0,0,0,6.594521474467365,0,0.025363544132566793
91,8,9,1,6,84,0,33.818058843422385,1.5218126479540075,2.029083530605343,0,13.86540412580318,0
84,19,11,4,8,75,0,14.657383657017222,0,0,0,16.855991205569808,0
40,7,22,2,37,3,73.28691828508612,0,2.9314767314034444,0,1.8321729571271528,0,0
99,13,18,4,69,24,62.293880542323194,0,4.030780505679736,0.9160864785635764,4.030780505679736,0,0
87,14,9,2,67,19,9.160864785635765,9.160864785635765,1.4657383657017222,0,6.0461707585196045,0,0.04030780505679736
17,7,15,0,3,14,36.64345914254306,14.657383657017222,6.22938805423232,2.1986075485525833,0,1.8321729571271528,0
86,17,18,5,85,0,43.97215097105167,14.657383657017222,4.397215097105167,2.015390252839868,2.565042139978014,0,0
13,4,15,1,4,5,73.28691828508612,10.993037742762917,2.1986075485525833,2.015390252839868,0,0,0
35,10,13,1,6,28,0,0,1.6489556614144376,0,0,12.825210699890068,0
89,16,14,2,64,12,0,0,0,1.282521069989007,6.59582264565775,0,0.04030780505679736
80,13,20,7,61,12,56.79736167094173,9.160864785635765,1.8321729571271528,2.015390252839868,4.946866984243313,0,0.014657383657017223
58,7,12,1,49,3,0,0,0,0,3.3735795454545454,0,0.040838068181818184
24,6,9,0,4,19,5.326704545454546,14.204545454545455,4.794034090909091,3.1960227272727275,0,4.261363636363637,0
98,17,11,1,18,79,21.306818181818183,10.653409090909092,0,0,0,15.447443181818183,0
109,10,21,0,100,8,44.38920454545455,23.082386363636363,4.971590909090909,1.953125,3.5511363636363638,0,0.014204545454545454
91,8,15,4,72,12,0,0,0,1.5980113636363635,11.363636363636365,0,0
63,13,17,4,9,48,49.71590909090909,0,2.1306818181818183,2.4857954545454546,0,7.6349431818181825,0
111,18,11,1,104,6,0,0,2.1306818181818183,1.5980113636363635,8.87784090909091,0,0
81,10,7,0,11,69,10.653409090909092,0,1.5980113636363635,3.3735795454545454,0,11.008522727272727,0
17,6,11,6,3,13,17.755681818181817,28.40909090909091,5.326704545454545,1.0653409090909092,0,5.326704545454546,0
69,6,13,0,68,1,10.653409090909092,0,0,0,10.653409090909092,0,0
116,14,11,1,9,106,10.913059294288832,0,1.6369588941433248,0,0,15.460167333575843,0.018188432157148052
67,13,18,2,40,25,61.84066933430338,0,10.54929065114587,0,0,0,0
75,14,11,2,57,16,0,54.56529647144416,3.45580210985813,0,5.274645325572935,0,0
15,7,12,3,2,12,52.74645325572935,14.550745725718443,5.092761004001455,0,0,1.8188432157148053,0
53,7,16,14,8,40,32.7391778828665,0,5.456529647144416,4.365223717715533,0,2.1826118588577663,0
84,16,12,0,15,68,47.28992360858494,14.550745725718443,7.8210258275736635,5.274645325572936,0,4.910876682429974,0
95,16,12,2,77,6,0,0,0,1.2731902510003639,6.5478355765732985,0,0.025463805020007273
10,2,8,19,1,9,18.188432157148053,9.094216078574027,3.8195707530010914,2.1826118588577663,0,2.9101491451436887,0
65,9,18,2,46,13,42.924699890869405,0,0,4.547108039287014,4.910876682429974,0,0
85,15,17,1,82,1,0,0,0,2.5463805020007273,10.913059294288832,0,0
74,17,15,3,10,63,12.437810945273633,22.802653399668326,1.243781094527363,2.487562189054726,0,14.096185737976782,0
105,9,16,1,103,0,47.678275290215595,0,0,1.658374792703151,5.597014925373134,0,0
9,2,9,1,2,6,41.459369817578775,12.437810945273633,3.731343283582089,2.487562189054726,0,0,0
97,12,10,1,86,10,0,0,0,0,6.840796019900497,0,0.04560530679933665
56,9,15,3,41,10,26.948590381426204,0,3.316749585406302,1.8656716417910448,5.389718076285241,0,0
82,12,11,0,11,69,0,16.58374792703151,1.8656716417910448,0,0,15.339966832504146,0
77,12,21,2,64,11,84.9917081260365,0,2.0729684908789388,2.2802653399668324,2.0729684908789388,0,0
46,8,12,1,39,3,12.437810945273633,0,5.389718076285241,8.291873963515755,4.560530679933665,0,0
70,11,10,0,64,4,0,0,0,0,5.389718076285241,0,0.047678275290215594
26,7,8,9,7,18,6.218905472636816,0,3.109452736318408,2.487562189054726,0,4.975124378109452,0
96,7,19,6,56,32,36.603221083455345,0,1.8301610541727673,2.9282576866764276,2.1961932650073206,1.8301610541727673,0.023792093704245974
86,13,12,1,13,72,10.980966325036603,9.150805270863836,0,2.1961932650073206,0,15.190336749633968,0
78,21,8,1,60,17,0,0,0,0,8.784773060029282,0,0.023792093704245974
81,9,15,1,80,0,10.980966325036603,0,1.4641288433382138,1.6471449487554906,9.150805270863836,0,0
17,2,12,4,2,14,5.490483162518301,0,1.0980966325036603,3.4773060029282576,0,4.026354319180088,0
61,15,9,0,7,52,10.980966325036603,0,1.6471449487554906,2.1961932650073206,0,15.00732064421669,0
119,17,13,7,107,5,0,0,0,0,5.307467057101025,0,0.04026354319180088
75,8,15,2,66,7,73.20644216691069,0,6.588579795021962,0,2.9282576866764276,0,0
79,7,14,2,69,3,10.980966325036603,0,0,2.562225475841874,5.307467057101025,0,0.03843338213762811
9,2,14,0,2,6,40.26354319180088,25.62225475841874,4.392386530014641,2.1961932650073206,0,0,0
65,7,12,3,62,0,23.059185242121444,0,0,4.0353574173712525,5.572636433512683,0,0
140,12,9,1,134,5,0,0,1.5372790161414296,0,7.49423520368947,0,0.011529592621060722
44,9,12,7,17,26,28.055342044581092,19.215987701767872,4.41967717140661,1.7294388931591085,1.9215987701767872,0,0
27,6,6,0,2,24,11.529592621060722,38.431975403535745,1.7294388931591085,0,0,10.760953112990007,0
54,5,14,4,29,18,38.431975403535745,0,1.9215987701767872,2.690238278247502,3.266717909300538,0,0
16,5,10,1,4,11,36.51037663335896,15.372790161414297,5.764796310530361,2.3059185242121445,0,0,0
62,8,10,4,3,58,11.529592621060722,21.13758647194466,1.7294388931591085,0,0,8.83935434281322,0
34,5,8,1,7,26,22.29054573405073,34.58877786318217,10.56879323597233,0,0,0,0
70,4,15,5,61,1,0,0,2.3059185242121445,1.7294388931591085,6.725595695618755,0,0
92,15,10,1,82,10,0,0,0,0,8.262874711760185,0,0.028823981552651805
98,10,15,3,49,39,73.77979568671964,0,4.161937192584185,2.0809685962920925,1.3242527430949678,0,0
133,12,15,3,118,10,28.37684449489217,9.458948164964056,0,2.0809685962920925,5.864547862277714,0,0.028376844494892167
39,5,17,0,27,12,60.53726825576996,15.13431706394249,5.297010972379871,3.026863412788498,1.3242527430949678,0,0
41,10,10,1,9,31,0,24.593265228906546,1.7026106696935301,2.2701475595913734,0,14.755959137343929,0
94,6,11,1,67,26,0,0,0,0,7.377979568671963,0,0.04161937192584185
136,16,16,7,73,58,18.917896329928112,0,0,4.729474082482028,4.729474082482028,4.918653045781309,0.009458948164964056
89,8,10,1,83,5,0,0,1.513431706394249,0,7.377979568671964,0,0.024593265228906546
64,11,8,0,7,56,11.350737797956867,0,1.7026106696935301,0,0,12.485811577752553,0
36,10,8,0,4,31,11.350737797956867,15.13431706394249,0,0,0,12.485811577752555,0
72,8,11,2,17,53,37.835792659856224,15.13431706394249,10.215664018161181,4.3511161558834655,0,2.2701475595913734,0
53,16,13,0,15,36,29.057700290577003,20.755500207555002,4.77376504773765,3.5284350352843505,0,6.641760066417601,0
134,15,10,0,121,9,0,0,0,1.45288501452885,9.75508509755085,0,0.026982150269821502
81,14,13,2,56,19,0,0,0,0,11.000415110004152,0,0.014528850145288501
26,5,13,1,11,11,66.417600664176,10.377750103777501,5.603985056039851,0,0,0,0
86,18,26,7,21,64,107.92860107928601,0,4.566210045662101,3.3208800332088004,0,3.1133250311332503,0
66,11,16,4,13,52,0,10.377750103777501,2.4906600249066004,1.86799501867995,0,9.5475300954753,0.020755500207555
94,12,15,3,78,12,46.907430469074306,26.982150269821503,7.887090078870901,2.2831050228310503,1.03777501037775,0,0.016604400166044003
52,9,20,5,39,8,41.511000415110004,10.377750103777501,6.019095060190951,2.2831050228310503,2.4906600249066004,0,0
25,9,18,3,4,18,45.662100456621005,0,3.3208800332088004,2.4906600249066004,0.8302200083022001,0,0
71,16,10,2,52,17,10.377750103777501,10.377750103777501,0,0,4.566210045662101,0,0.06019095060190951
94,15,16,5,87,2,33.222591362126245,0,6.229235880398671,1.8687707641196014,7.682724252491695,0,0
78,12,14,1,64,13,0,0,0,0,8.098006644518273,0,0.014534883720930232
17,10,14,4,3,13,41.52823920265781,16.611295681063122,7.475083056478406,2.4916943521594686,0,2.0764119601328903,0
79,11,15,1,77,1,13.704318936877076,10.382059800664452,0,0,9.053156146179404,0,0.016611295681063124
94,12,13,3,86,5,10.382059800664452,10.382059800664452,0,0,8.928571428571429,0,0.016611295681063124
85,12,14,0,51,33,15.780730897009967,0,1.2458471760797343,1.2458471760797343,6.0215946843853825,0,0.014534883720930232
81,10,13,1,61,18,0,0,0,0,8.720930232558139,0,0.026993355481727575
55,9,16,2,37,14,39.45182724252492,0,6.644518272425249,0,4.568106312292359,0,0
32,10,13,0,4,27,24.916943521594686,0,1.2458471760797343,0,0,11.835548172757475,0
52,13,14,0,11,41,80.98006644518273,0,9.966777408637874,0,0,0,0
71,15,13,1,65,5,0,0,2.2839741149600306,4.377617053673392,7.9939094023601065,0,0
61,12,10,0,47,12,0,0,0,0,4.75827940616673,0,0.03806623524933384
41,9,21,15,7,33,47.5827940616673,0,6.471259992386753,1.3323182337266843,0,0,0
63,11,20,6,31,26,26.64636467453369,0,1.903311762466692,0.951655881233346,2.2839741149600306,1.903311762466692,0.024743052912066996
90,21,14,1,89,0,0,0,0,0,10.087552341073469,0,0.01712980586220023
77,18,21,4,61,13,38.06623524933384,15.226494099733536,9.135896459840122,3.0452988199467073,0.951655881233346,0,0.015226494099733536
66,17,11,0,11,54,0,9.51655881233346,1.712980586220023,0,0,17.12980586220023,0.01903311762466692
24,5,18,0,5,16,79.1777693186144,15.226494099733536,5.329272934906738,0,0,0,0
60,13,18,2,34,21,49.48610582413399,0,7.9939094023601065,0,4.1872858774267225,0,0
71,12,12,2,59,11,0,0,0,1.1419870574800153,5.5196041111534075,0,0.039969547011800534
116,13,19,14,83,32,50.86901229334464,0,3.8151759220008477,2.331496396778296,4.874947011445528,0,0.01695633743111488
24,6,14,1,6,13,42.3908435777872,0,5.0869012293344635,6.146672318779143,0,2.5434506146672318,0
72,17,18,1,46,22,42.3908435777872,0,4.662992793556592,1.9075879610004238,7.842306061890632,0,0
70,10,10,0,62,8,3.3912674862229757,0,0,0,8.181432810512929,0,0.02967359050445104
53,11,7,0,7,45,2.5434506146672318,0,1.9075879610004238,1.05977108944468,0,11.65748198389148,0
94,17,11,1,88,5,0,0,0,1.2717253073336159,8.266214497668503,0,0.02755404832556168
108,9,17,4,46,54,10.5977108944468,27.55404832556168,8.054260279779568,1.05977108944468,2.5434506146672318,2.11954217888936,0.02755404832556168
14,5,17,5,3,10,40.27130139889784,16.95633743111488,5.0869012293344635,2.5434506146672318,0,0,0
113,15,14,3,103,5,38.15175922000848,10.5977108944468,2.11954217888936,0,7.630351844001695,0,0.01695633743111488
44,10,14,0,9,34,2.5434506146672318,27.55404832556168,1.9075879610004238,0,0,12.08139041966935,0
13,4,16,1,4,9,84.85099337748345,0,2.4834437086092715,0,0,0,0
93,13,17,6,74,13,0,0,2.4834437086092715,1.8625827814569536,1.0347682119205297,0,0.06001655629139073
70,11,10,2,7,43,0,16.556291390728475,1.8625827814569536,2.4834437086092715,0,17.79801324503311,0
81,7,14,4,65,15,43.46026490066225,26.903973509933774,5.7947019867549665,4.346026490066225,1.8625827814569536,0,0.016556291390728478
77,14,12,2,63,4,0,0,0,1.4486754966887416,7.65728476821192,0,0.04346026490066225
75,9,21,6,44,23,51.7384105960265,0,4.552980132450331,2.2764900662251657,1.0347682119205297,0,0.016556291390728478
65,18,13,0,5,59,37.25165562913907,0,0,2.8973509933774833,0,10.968543046357617,0
62,14,11,0,59,2,0,0,1.2417218543046358,1.4486754966887416,9.519867549668874,0,0
56,8,11,0,52,3,0,0,1.2417218543046358,1.8625827814569536,7.65728476821192,0,0.016556291390728478
71,7,11,1,68,3,3.3112582781456954,0,0,0,6.746688741721854,0,0.028973509933774833
87,9,21,2,26,54,82.54449072321091,0,2.271866717152594,2.082544490723211,0,0,0
57,17,11,0,8,48,22.718667171525937,0,0,0,0,16.471033699356305,0
21,6,18,2,8,7,54.903445664521016,15.145778114350625,6.815600151457781,2.271866717152594,0,0,0
81,12,18,18,7,73,79.51533510034078,0,4.165088981446422,3.029155622870125,0,5.868989019310867,0
65,8,10,1,63,2,0,0,0,0,8.140855736463461,0,0.024611889435819767
114,19,13,2,101,11,0,0,0,0,8.330177962892844,0,0.01703900037864445
73,15,8,1,12,42,0,15.145778114350625,1.7039000378644453,0,0,14.76713366149186,0
21,7,15,0,8,11,58.68989019310867,18.93222264293828,3.597122302158273,2.6505111700113595,0,0,0
50,8,20,3,8,36,45.43733434305187,15.145778114350625,4.922377887163953,4.73305566073457,0,0,0
81,13,11,1,70,10,0,0,0,0,5.111700113593336,0,0.043544112078758045
72,8,14,3,50,16,31.88521323236349,0,3.5870864886408924,5.579912315663611,4.38421681944998,0,0
43,10,8,0,4,38,17.935432443204466,15.942606616181745,0,0,0,12.953367875647668,0
59,12,15,3,52,3,9.964129135113591,25.906735751295336,9.166998804304503,2.391390992427262,0.9964129135113591,2.391390992427262,0.015942606616181746
73,11,10,1,70,0,0,0,0,0.9964129135113591,7.772020725388602,0,0.03188521323236349
105,11,11,0,13,91,31.88521323236349,0,1.7935432443204464,2.391390992427262,0,13.152650458349939,0.01992825827022718
114,8,16,3,91,16,45.83499402152252,0,0,0,3.587086488640893,0,0.043842168194499806
81,13,22,15,9,72,43.842168194499806,0,5.7791948983658825,2.19210840972499,0,8.170585890793145,0
87,10,13,2,83,3,0,0,0,0,7.373455559984057,0,0.027899561578318056
26,9,8,10,4,21,0,49.82064567556796,0,0,0,14.746911119968114,0
30,5,11,0,7,21,0,0,0,0,0,11.558389796731765,0
104,17,12,1,80,22,0,0,0,1.5323992994746058,9.413309982486865,0,0.028458844133099827
54,10,9,2,7,32,0,17.513134851138354,1.9702276707530648,2.626970227670753,0,17.95096322241681,0
76,8,14,4,69,2,13.134851138353765,0,0,0,12.478108581436077,0,0
67,11,15,3,8,48,26.26970227670753,30.64798598949212,3.9404553415061296,1.094570928196147,0,11.1646234676007,0
20,3,13,1,6,13,50.35026269702277,35.02626970227671,5.035026269702277,0,0,0,0
65,7,15,1,63,2,56.91768826619965,0,2.189141856392294,5.035026269702277,4.159369527145358,0,0
83,17,8,0,7,75,0,0,0,0,0,13.134851138353765,0
47,6,8,1,43,3,0,0,0,0,6.348511383537653,0,0.028458844133099827
36,11,9,0,2,33,36.339754816112084,17.513134851138354,0,0,0,10.070052539404553,0
52,5,19,5,13,33,52.53940455341506,30.64798598949212,3.9404553415061296,1.094570928196147,0.6567425569176882,0,0
111,15,11,2,91,19,0,0,1.5655577299412915,0,8.414872798434443,0,0.0136986301369863
84,7,19,6,83,1,39.13894324853229,25.44031311154599,5.47945205479452,1.1741682974559686,1.9569471624266144,0,0.03131115459882583
79,12,16,3,34,39,39.13894324853229,0,5.870841487279844,3.131115459882583,0.9784735812133072,0,0.015655577299412915
14,3,16,2,5,8,56.75146771037183,0,4.10958904109589,2.3483365949119372,0,0,0
87,9,9,1,11,75,0,0,0,0.9784735812133072,0,14.090019569471623,0
86,18,7,0,7,79,0,0,1.761252446183953,0,0,12.13307240704501,0
92,12,16,2,92,0,72.40704500978474,0,1.9569471624266144,2.152641878669276,2.5440313111545985,0,0
96,4,13,2,40,47,48.923679060665364,9.784735812133073,6.457925636007827,2.152641878669276,0.9784735812133072,0,0.015655577299412915
76,19,12,1,57,17,0,0,0,1.36986301369863,7.827788649706458,0,0.011741682974559686
15,5,12,0,3,9,12.720156555772995,50.88062622309198,8.414872798434441,1.1741682974559686,0,0,0
89,14,11,1,17,71,12.981393336218087,23.799221116399828,1.9472090004327132,0,0,13.414106447425356,0
98,12,12,8,89,5,0,0,0,0,7.356122890523583,0,0.045434876676763304
85,13,16,4,81,0,73.56122890523582,0,4.759844223279965,1.081782778018174,2.163565556036348,0,0
100,11,9,1,95,5,0,0,0,1.2981393336218088,8.22154911293812,0,0
16,6,12,2,3,12,41.10774556469061,17.308524448290783,5.192557334487235,2.5962786672436176,0,0,0
72,9,9,1,60,12,0,0,0,0,6.274340112505408,0,0.030289917784508867
87,15,8,1,9,76,0,28.12635222847252,0,0,0,19.03937689311986,0
74,6,16,3,33,33,32.45348334054522,28.12635222847252,5.625270445694505,2.3799221116399827,1.081782778018174,0,0.01730852444829078
19,6,19,3,4,12,94.33145824318477,0,3.894418000865426,0,0,0,0
43,7,15,2,41,2,53.22371267849416,0,6.057983556901775,0,3.5915188230203374,0,0
108,15,13,1,93,14,0,0,0,0,9.683098591549296,0,0.03301056338028169
63,13,12,1,54,8,0,44.014084507042256,2.640845070422535,1.9806338028169015,6.822183098591549,0,0
32,7,12,0,32,0,0,0,0,1.5404929577464788,8.362676056338028,0,0
89,5,16,4,62,20,47.53521126760563,0,2.2007042253521125,0,5.941901408450704,0,0
34,7,13,2,5,26,14.304577464788732,0,0,0,0,9.683098591549296,0
33,7,12,1,5,25,121.0387323943662,0,5.721830985915492,0,0,0,0
71,13,9,0,11,58,0,0,1.9806338028169015,0,0,12.764084507042252,0
71,8,15,2,67,3,56.33802816901409,0,7.922535211267606,0,3.301056338028169,0,0
88,14,13,3,73,11,0,0,0,0,10.34330985915493,0,0.013204225352112676
61,9,7,1,57,3,0,0,0,0,6.382042253521126,0,0.040492957746478875
90,9,17,6,70,8,13.245033112582782,0,0,0,6.622516556291391,0,0.022958057395143488
91,18,20,5,29,60,101.54525386313466,0,6.181015452538631,2.4282560706401766,0,0,0
101,16,9,0,69,31,0,0,1.3245033112582782,0,10.596026490066226,0,0.01545253863134658
15,7,9,0,2,13,6.622516556291391,0,1.9867549668874172,0,0,10.596026490066226,0
85,6,7,1,82,2,0,0,0,0,7.28476821192053,0,0.046357615894039736
33,5,16,2,29,0,57.39514348785872,0,2.207505518763797,0,2.207505518763797,0,0
63,12,11,1,58,4,8.830022075055188,0,0,0,7.72626931567329,0,0.017660044150110375
35,9,17,0,9,26,72.84768211920529,0,4.415011037527594,2.4282560706401766,0,0,0
62,10,12,2,49,2,0,0,0,0,4.415011037527594,0,0.046357615894039736
67,9,14,1,8,51,24.282560706401767,17.660044150110377,5.960264900662251,0,0,4.856512141280353,0
83,8,9,1,78,4,0,0,0,1.5344147303814117,8.110477860587462,0,0.028496273564226217
64,5,11,0,64,0,13.1521262604121,0,0,0,6.795265234546251,0,0
9,3,9,1,2,7,0,21.920210434020166,6.137658921525646,1.5344147303814117,0,2.1920210434020166,0
56,10,13,2,11,40,46.03244191144235,0,0,1.31521262604121,0,9.425690486628671,0
32,6,10,0,8,24,13.1521262604121,74.52871547566856,3.94563787812363,0,0,6.137658921525647,0
70,9,7,1,61,7,0,0,0,0,7.89127575624726,0,0.030688294607628234
60,2,11,5,38,16,39.456378781236296,0,2.1920210434020166,1.31521262604121,4.164839982463832,2.1920210434020166,0.010960105217010083
91,13,11,3,30,60,0,10.960105217010083,1.31521262604121,0,3.288031565103025,9.20648838228847,0.046032441911442346
56,10,10,1,52,3,46.03244191144235,10.960105217010083,3.9456378781236303,5.041648399824639,3.288031565103025,0,0.017536168347216132
30,5,10,1,9,18,65.7606313020605,13.1521262604121,2.63042525208242,4.164839982463832,0,0,0
99,12,15,5,83,10,0,11.28158844765343,0,0,8.574007220216606,0,0.013537906137184115
81,20,9,2,67,12,0,0,0,1.3537906137184115,9.70216606498195,0,0.0157942238267148
73,13,11,0,13,58,13.537906137184116,18.050541516245488,0,0,0,17.59927797833935,0
60,9,17,2,60,0,56.40794223826715,0,1.8050541516245486,3.6101083032490977,3.8357400722021664,0,0
36,11,11,1,8,24,65.4332129963899,11.28158844765343,4.9638989169675085,2.707581227436823,0,2.256317689530686,0
58,7,17,2,37,15,58.664259927797836,0,4.9638989169675085,1.128158844765343,4.9638989169675085,0,0
102,16,18,5,5,96,13.537906137184116,76.71480144404333,2.0306859205776173,0,0,14.891696750902527,0
55,12,16,1,11,42,42.87003610108303,22.56317689530686,7.671480144404331,1.3537906137184115,0,3.1588447653429603,0
51,5,10,1,38,12,0,0,0,0,3.1588447653429603,0,0.04963898916967509
18,3,17,1,4,11,49.63898916967509,11.28158844765343,3.6101083032490973,0,0,2.256317689530686,0
65,11,10,1,4,60,12.836970474967908,29.952931108258454,0,2.5673940949935816,0,14.548566538296964,0
78,13,18,5,54,20,42.78990158322636,0,6.418485237483955,2.35344458707745,2.5673940949935816,2.139495079161318,0.027813436029097135
45,10,14,2,6,35,25.673940949935815,0,0,1.7115960633290543,0,10.911424903722722,0
18,3,10,6,7,11,8.557980316645272,10.69747539580659,1.2836970474967908,1.2836970474967908,0,5.348737697903295,0
57,9,13,0,44,11,0,0,0,0,6.204535729567822,0,0.02781343602909713
86,21,8,1,11,74,0,17.115960633290545,0,2.5673940949935816,0,17.115960633290545,0
67,10,10,1,61,5,0,0,0,0,9.199828840393668,0,0.027813436029097135
81,9,16,2,78,1,62.04535729567823,0,4.7068891741549,5.348737697903295,1.4976465554129226,0,0.006418485237483954
53,8,14,4,46,2,42.78990158322636,0,2.139495079161318,3.423192126658109,3.637141634574241,0,0.017115960633290545
53,7,14,1,14,38,50.492083868207104,0,7.702182284980745,5.562687205819427,0,2.5673940949935816,0
67,9,15,1,63,3,30.89143865842895,11.032656663724625,2.8684907325684024,3.089143865842895,4.41306266548985,0,0
63,6,11,2,61,0,0,0,0,0,3.7511032656663725,0,0.05075022065313327
65,4,15,3,41,19,30.89143865842895,0,2.206531332744925,2.64783759929391,5.29567519858782,0,0
44,7,10,0,10,32,0,0,0,0,0,11.032656663724625,0.02206531332744925
13,3,12,1,3,8,44.1306266548985,13.23918799646955,2.4271844660194173,2.4271844660194173,0,0,0
18,7,8,4,8,9,36.62842012356575,22.06531332744925,2.8684907325684024,0,0,5.516328331862312,0
71,14,5,0,8,62,13.23918799646955,0,1.9858781994704324,1.1032656663724625,0,11.915269196822596,0
83,6,14,4,21,52,22.06531332744925,0,2.206531332744925,0,0,10.591350397175638,0.02206531332744925
97,18,6,2,78,18,0,0,0,0,11.032656663724623,0,0
34,5,11,0,30,4,49.86760812003531,0,1.7652250661959399,0,3.7511032656663725,0,0
89,15,11,1,83,5,13.477088948787062,0,0,2.0215633423180592,10.557053009883198,0,0
26,7,12,2,6,17,74.12398921832884,17.969451931716083,6.289308176100629,0,0,0,0
74,12,9,1,58,6,0,0,0,1.5723270440251573,4.716981132075472,0,0.06064690026954178
55,9,9,1,10,44,26.954177897574123,13.477088948787062,2.0215633423180592,0,0,9.209344115004493,0
84,15,22,11,58,21,0,0,0,3.1446540880503147,4.941599281221923,2.2461814914645104,0.029200359389038637
56,8,10,1,42,14,0,0,0,1.5723270440251573,6.5139263252470805,0,0.03369272237196766
62,10,17,0,35,27,61.99460916442048,0,8.53548966756514,3.593890386343217,0,0,0
44,10,11,0,6,37,16.172506738544474,13.477088948787062,2.0215633423180592,0,0,11.0062893081761,0
59,11,15,2,38,13,85.35489667565139,0,8.53548966756514,0,0,0,0
14,4,14,4,3,7,35.93890386343217,17.969451931716083,4.0431266846361185,1.5723270440251573,0,0,0
86,10,22,0,66,19,61.45022531749283,26.628430970913563,5.735354362965998,3.482179434657927,1.024170421958214,0,0.01638672675133142
22,7,8,5,5,16,20.483408439164275,10.241704219582138,2.4580090126997134,2.4580090126997134,0,6.55469070053257,0
90,5,13,3,79,8,40.96681687832855,0,2.048340843916428,2.2531749283080704,6.554690700532569,0,0
43,8,12,1,11,31,0,16.386726751331423,1.843506759524785,2.4580090126997134,0,15.567390413764851,0
101,10,11,1,86,14,0,0,1.6386726751331422,0,7.988529291274069,0,0.02867677181482999
82,8,12,2,71,5,49.16018025399427,0,7.374027038099141,2.867677181482999,2.4580090126997134,0,0
80,16,13,1,76,3,3.2773453502662844,0,0,1.2290045063498567,5.653420729209341,0,0.012290045063498567
61,8,10,1,50,3,0,0,0,1.2290045063498567,4.711183941007784,0,0.02867677181482999
79,14,8,0,8,70,0,0,1.843506759524785,2.4580090126997134,0,15.157722244981565,0
16,4,7,3,5,10,6.145022531749283,10.241704219582138,2.4580090126997134,3.891847603441213,0,4.096681687832856,0
98,7,13,3,36,55,33.36298932384342,0,4.0035587188612105,3.113879003558719,1.112099644128114,0,0.03558718861209965
80,11,11,0,65,15,0,0,0,0,9.341637010676157,0,0.03113879003558719
29,8,10,0,5,22,22.24199288256228,0,2.001779359430605,0,0,10.45373665480427,0
79,7,10,1,70,8,13.345195729537366,0,0,1.7793594306049823,8.451957295373667,0,0
72,11,10,0,13,56,0,0,2.001779359430605,1.112099644128114,0,12.90035587188612,0
10,2,10,0,2,7,45.818505338078296,0,4.670818505338078,0,0,0,0
74,14,15,6,69,4,0,0,2.6690391459074734,2.001779359430605,3.7811387900355875,0,0.046708185053380785
66,7,14,2,23,37,40.0355871886121,0,10.898576512455517,3.5587188612099645,0,0,0
17,1,4,0,12,4,22.24199288256228,0,2.6690391459074734,0,1.5569395017793595,0,0
108,15,14,0,12,95,13.345195729537366,13.345195729537366,0,2.6690391459074734,0,15.12455516014235,0.02224199288256228
51,12,14,0,49,1,9.629272989889264,0,0,0,9.629272989889262,0,0
89,11,11,1,83,5,0,0,0,0,8.425613866153105,0,0.031295137217140105
9,3,5,16,2,7,7.221954742416948,12.036591237361579,1.203659123736158,1.685122773230621,0,5.2961001444390945,0
50,10,22,2,46,3,64.99759268175252,0,2.407318247472316,0,1.685122773230621,0,0
65,7,21,6,42,18,48.146364949446316,0,2.407318247472316,3.8517091959557055,1.685122773230621,2.407318247472316,0.01203659123736158
30,6,11,2,6,18,52.961001444390945,33.70245546461243,5.055368319691864,0,0,0,0
56,13,14,1,52,3,51.99807414540203,24.073182474723158,3.1295137217140105,0,2.407318247472316,0,0
73,15,8,1,68,1,0,0,0,0,7.462686567164179,0,0.05536831969186326
57,11,11,1,18,39,14.443909484833895,26.480500722195472,2.1665864227250844,0,0,11.073663938372654,0
134,15,15,6,104,18,24.073182474723158,19.25854597977853,6.740491092922484,0,4.814636494944632,0,0.019258545979778528
11,6,10,0,2,9,52.7281063732233,13.75515818431912,2.751031636863824,0,0,2.2925263640531868,0
75,14,12,4,45,29,22.925263640531867,11.462631820265933,4.355800091701054,0,1.8340210912425492,13.296652911508481,0
51,7,14,2,38,9,70.15130674002751,0,6.419073819348922,0,2.751031636863824,0,0
73,6,8,0,18,55,45.850527281063734,18.340210912425494,8.711600183402108,2.751031636863824,0,2.751031636863824,0
103,11,11,1,97,6,0,0,0,0,9.857863365428702,0,0.013755158184319119
54,11,12,1,53,1,45.850527281063734,0,0,3.209536909674461,5.272810637322329,0,0.005502063273727648
66,12,14,2,15,46,50.43558000917011,0,2.2925263640531868,4.355800091701054,0,6.189821182943604,0
12,4,10,0,2,10,6.87757909215956,0,2.751031636863824,2.751031636863824,0,3.2095369096744615,0
68,7,8,0,58,3,0,0,0,0,5.0435580009170105,0,0.0504355800091701
59,10,11,1,55,3,0,0,0,1.6047684548372305,6.648326455754241,0,0.018340210912425492
37,2,10,2,26,7,11.170688114387847,0,0,1.3404825737265416,6.032171581769437,0,0
69,13,13,1,11,56,22.341376228775694,0,2.0107238605898123,0,0,11.170688114387847,0
84,10,7,0,10,74,2.680965147453083,17.873100983020553,1.3404825737265416,0,0,15.862377122430741,0
83,12,9,1,76,7,0,0,0,0,7.596067917783736,0,0.03127792672028597
22,4,15,1,4,16,65.90705987488829,0,4.915102770330652,0,0,0,0
72,10,7,0,13,59,33.065236818588026,0,2.0107238605898123,0,0,8.266309204647007,0
92,13,9,1,68,24,6.702412868632708,0,0,0,9.606791778373548,0,0.03127792672028597
73,7,17,0,33,39,100.53619302949062,0,2.234137622877569,3.574620196604111,1.5638963360142986,0,0
89,5,14,4,67,13,0,0,0,1.1170688114387846,4.468275245755138,0,0.017873100983020553
12,4,14,0,4,7,36.86327077747989,31.27792672028597,5.361930294906166,2.680965147453083,0,0,0
25,4,4,7,8,16,0,24.06159769008662,1.2030798845043311,1.6843118383060636,0,7.218479307025986,0
72,12,9,1,60,12,3.8498556304138596,0,0,0,7.844080846968238,0,0.03368623676612127
99,14,19,7,93,2,38.498556304138596,12.03079884504331,0,3.8498556304138596,9.624639076034649,0,0
62,8,27,11,30,27,84.21559191530316,12.03079884504331,0,2.6467757459095282,1.6843118383060636,0,0
60,9,6,0,12,48,0,19.249278152069298,0,0,0,16.361886429258906,0
42,9,7,0,6,35,2.8873917228103947,0,2.165543792107796,2.8873917228103947,0,10.82771896053898,0
51,8,10,1,49,1,3.8498556304138596,0,0,0,6.159769008662176,0,0.031280076997112605
35,6,15,3,14,18,28.873917228103945,43.31087584215592,7.459095283926852,1.2030798845043311,0,0,0
40,9,15,2,38,0,50.52935514918191,12.03079884504331,3.8498556304138596,0,1.9249278152069298,0,0.019249278152069296
73,10,13,5,58,9,0,0,0,0,1.2030798845043311,0,0.05774783445620789
108,9,11,0,77,30,0,0,0,1.5493581230633025,8.4108012394865,0,0.015493581230633024
86,13,7,0,10,76,13.280212483399735,0,1.9920318725099602,0,0,16.157591854803012,0
64,8,20,8,57,2,57.54758742806551,0,7.304116865869854,1.1066843736166445,2.6560424966799467,0,0
13,4,10,1,4,8,36.52058432934927,30.987162461266045,5.3120849933598935,2.6560424966799467,0,0,0
84,13,8,1,82,0,13.280212483399735,0,0,0,12.616201859229749,0,0.015493581230633024
64,7,14,0,55,8,22.13368747233289,28.773793714032756,8.4108012394865,3.5413899955732626,0,3.5413899955732626,0
11,4,12,1,9,0,64.18769366976538,0,4.869411243913236,2.434705621956618,0,0,0
68,13,10,1,65,3,10.18149623727313,0,0,0,8.764940239043826,0,0.015493581230633024
69,5,15,3,42,22,39.8406374501992,0,2.213368747233289,0,5.9760956175298805,0,0
89,12,8,0,9,80,0,11.066843736166446,0,0,0,11.509517485613102,0
72,10,7,0,69,2,3.4904013961605584,0,0,0,7.111692844677139,0,0.028359511343804537
69,6,11,4,63,2,21.81500872600349,0,2.181500872600349,2.6178010471204187,5.671902268760907,0,0.017452006980802792
21,2,9,2,5,12,71.98952879581151,0,2.181500872600349,2.181500872600349,0,0,0
62,8,10,1,57,4,36.2129144851658,0,2.181500872600349,1.3089005235602094,6.239092495636998,0,0
78,13,7,0,8,65,8.726003490401396,21.81500872600349,0,2.6178010471204187,0,13.961605584642232,0
63,6,10,1,9,53,0,21.81500872600349,0,2.6178010471204187,0,14.616055846422338,0
100,14,8,1,96,3,0,0,0,0,7.853403141361257,0,0.013089005235602094
64,6,12,0,43,21,69.80802792321117,0,5.2356020942408374,2.399650959860384,1.5270506108202444,0,0
8,2,7,2,1,6,8.726003490401396,21.81500872600349,5.453752181500873,2.6178010471204187,0,3.2722513089005236,0
61,3,15,2,46,8,56.71902268760907,10.907504363001745,2.6178010471204187,1.0907504363001745,1.0907504363001745,0,0.017452006980802792
66,11,15,3,46,11,49.17299955297274,0,4.023245417970497,4.24675905230219,4.917299955297273,0,0
102,8,9,0,81,19,0,0,0,4.24675905230219,6.928922664282521,0,0.015645954403218598
15,5,8,0,4,10,22.351363433169425,0,5.811354492624051,2.682163611980331,0,0,0
54,7,12,2,14,40,34.8681269557443,17.881090746535538,4.023245417970497,3.576218149307108,0,4.470272686633884,0
101,14,7,1,83,15,0,0,0,0,5.1408135896289675,0,0.06481895395619132
64,10,10,0,5,57,25.927581582476527,0,2.0116227089852483,0,0,12.293249888243183,0
54,8,8,1,39,15,0,0,0,0,6.481895395619133,0,0.029056772463120252
14,5,8,3,3,10,8.940545373267769,11.175681716584712,0,1.117568171658471,0,6.481895395619133,0
72,11,17,0,15,56,65.26598122485471,35.76218149307108,2.905677246312025,4.24675905230219,0,3.3527045149754136,0
50,3,17,7,27,16,37.99731783638802,0,2.235136343316942,1.117568171658471,1.5645954403218596,2.235136343316942,0.011175681716584712
105,11,14,5,14,84,33.4448160535117,29.264214046822744,3.762541806020067,5.8528428093645495,0,7.5250836120401345,0
67,12,9,0,14,53,37.62541806020067,12.54180602006689,0,0,0,11.496655518394649,0
11,3,10,1,4,7,45.986622073578594,12.54180602006689,2.9264214046822743,3.5535117056856187,0,0,0
103,7,10,3,40,55,12.54180602006689,0,0,2.9264214046822743,2.508361204013378,5.434782608695652,0.031354515050167224
87,15,9,1,82,4,0,0,0,1.0451505016722409,7.94314381270903,0,0.01254180602006689
72,6,7,0,62,10,0,0,0,0,6.270903010033445,0,0.027173913043478264
19,5,9,0,2,17,14.632107023411372,16.722408026755854,0,0,0,8.988294314381271,0
66,15,6,0,35,29,12.54180602006689,8.361204013377927,0,0,0,13.168896321070235,0
80,9,18,2,68,0,65.21739130434783,0,0,5.225752508361204,2.424749163879599,0,0
51,5,19,10,28,17,74.41471571906355,0,2.0903010033444818,3.971571906354515,0,0,0
63,13,11,0,6,56,18.06942463147884,0,2.1398002853067046,0,0,12.838801711840228,0
37,5,9,1,35,0,3.8040893961008084,0,0,0,1.5691868758915835,0,0.07132667617689016
70,9,17,2,41,23,35.66333808844508,11.887779362815026,2.615311459819306,3.8040893961008084,1.1887779362815025,0,0.019020446980504042
79,8,8,1,77,1,0,0,0,0,9.985734664764623,0,0
17,4,13,2,6,8,28.530670470756064,11.887779362815026,4.51735615786971,2.8530670470756063,0,0,0
64,8,11,1,18,45,56.11031859248692,0,5.706134094151213,0,0,8.321445553970518,0
87,9,7,1,86,0,0,0,0,0,6.894912030432716,0,0.016642891107941038
28,6,12,5,27,1,14.265335235378032,19.02044698050404,4.279600570613409,0,2.377555872563005,0,0.021398002853067047
106,7,19,11,74,23,18.06942463147884,0,2.1398002853067046,0,4.75511174512601,0,0.019020446980504042
52,14,10,1,49,2,0,0,0,0,7.370423204945316,0,0.021398002853067047
81,20,15,1,75,5,3.8461538461538463,0,0,1.6826923076923077,8.076923076923077,0,0.03125
80,10,11,0,12,66,14.423076923076923,74.51923076923077,3.125,1.2019230769230769,0,10.576923076923077,0
19,4,9,11,5,14,0,19.23076923076923,5.528846153846153,4.086538461538462,0,5.288461538461538,0
96,7,15,3,75,13,0,0,0,2.1634615384615383,6.490384615384615,0,0.036057692307692304
57,10,9,0,15,42,14.423076923076923,14.423076923076923,0,0,0,13.46153846153846,0
11,4,14,1,3,6,38.46153846153846,24.03846153846154,4.5673076923076925,1.4423076923076923,0,0,0
52,5,11,0,49,2,28.846153846153847,0,2.644230769230769,6.25,3.3653846153846154,0,0
50,9,22,11,22,26,43.269230769230774,19.23076923076923,6.971153846153846,3.846153846153846,0,0,0
95,14,7,0,7,88,0,19.23076923076923,2.1634615384615383,0,0,18.75,0
69,10,10,1,48,20,0,72.11538461538461,3.125,1.4423076923076923,4.8076923076923075,0,0
79,12,16,5,61,13,0,0,2.6223776223776225,1.9667832167832169,7.43006993006993,0,0.013111888111888112
68,14,13,8,11,55,21.853146853146853,0,1.9667832167832169,2.6223776223776225,0,11.800699300699302,0
23,5,13,1,13,7,67.74475524475524,0,0,0,2.1853146853146854,0,0
108,15,13,1,97,10,52.44755244755245,0,2.1853146853146854,2.6223776223776225,4.1520979020979025,0,0.017482517482517484
93,6,9,2,92,0,3.4965034965034967,0,0,0,6.468531468531468,0,0.019667832167832168
71,13,15,4,8,62,13.111888111888112,13.111888111888112,1.9667832167832169,0,0,10.926573426573427,0
84,12,11,1,69,14,0,0,0,1.3111888111888113,6.3374125874125875,0,0.04370629370629371
73,11,15,1,71,1,13.111888111888112,0,0,1.3111888111888113,9.178321678321678,0,0
17,5,7,1,5,11,21.853146853146853,0,4.370629370629371,2.4038461538461537,0,2.6223776223776225,0
60,5,13,1,46,8,10.926573426573427,10.926573426573427,1.3111888111888113,0,4.1520979020979025,0,0.017482517482517484
67,15,13,1,50,16,3.597122302158273,0,0,0,7.778776978417266,0,0.02922661870503597
96,12,16,2,32,57,13.489208633093526,17.985611510791365,5.845323741007194,1.7985611510791366,2.2482014388489207,0,0.017985611510791366
73,11,15,1,3,70,26.97841726618705,4.496402877697841,2.473021582733813,3.597122302158273,0,7.643884892086331,0
58,9,14,2,10,40,13.489208633093526,0,2.023381294964029,0,0,13.714028776978417,0
24,6,13,0,4,19,38.219424460431654,13.489208633093526,1.3489208633093526,2.697841726618705,0,2.2482014388489207,0
46,11,14,1,42,3,47.21223021582733,11.241007194244604,2.697841726618705,4.2715827338129495,1.1241007194244603,0,0.017985611510791366
49,11,18,3,33,12,59.802158273381295,0,2.2482014388489207,4.2715827338129495,2.697841726618705,0,0
13,4,10,5,6,7,6.744604316546763,35.97122302158273,6.744604316546763,2.922661870503597,0,2.2482014388489207,0
144,21,12,2,127,16,0,0,0,1.5737410071942446,11.465827338129497,0,0.013489208633093525
63,11,13,3,17,45,16.18705035971223,0,2.023381294964029,0,0,15.287769784172662,0
88,17,11,2,60,22,0,0,0,0,9.726725335803613,0,0.01621120889300602
53,4,10,1,49,4,47.707271885132,23.158869847151458,6.7160722556739225,0,2.686428902269569,0,0
73,18,6,1,14,58,9.263547938860583,18.527095877721166,0,0,0,15.053265400648447,0
22,6,9,2,17,3,41.685965724872624,0,0,0,5.094951366373321,0,0
73,9,10,2,59,13,3.7054191755442334,0,0,0,6.623436776285317,0,0.030106530801296896
64,7,11,0,14,49,40.75961093098657,37.05419175544233,6.716072255673923,0,0,2.7790643816581753,0
82,9,12,2,77,4,0,0,4.6317739694302915,0,5.789717461787864,0,0.030106530801296896
72,5,16,3,23,43,46.317739694302915,11.579434923575729,7.642427049559981,0,0,0,0
8,3,14,0,2,5,56.739231125521066,0,6.947660954145437,0,0,0,0
88,10,12,1,7,80,13.895321908290875,25.474756831866603,2.0842982862436314,0,0,13.432144511347849,0
98,10,8,1,88,9,4.121586810922205,0,0,0,7.882534775888717,0,0.018031942297784646
59,8,8,1,12,47,0,0,2.3183925811437405,3.091190108191654,0,15.45595054095827,0
15,5,11,3,4,6,30.91190108191654,20.607934054611025,6.182380216383308,5.667181865018032,0,0,0
66,10,14,1,63,1,79.85574446161772,0,5.667181865018032,1.545595054095827,2.575991756826378,0,0
85,9,15,7,77,2,25.75991756826378,0,2.575991756826378,3.6063884595569293,6.9551777434312205,0,0.0061823802163833074
7,3,9,0,2,5,15.45595054095827,20.607934054611025,9.015971148892323,0,0,0,0
90,11,16,3,81,8,82.4317362184441,0,2.575991756826378,1.287995878413189,2.575991756826378,0,0
56,4,13,3,38,12,0,0,0,0,9.5311695002576,0,0
76,9,9,1,48,28,4.121586810922205,0,0,0,10.458526532715094,0,0
62,10,7,0,10,52,3.091190108191654,0,1.545595054095827,0,0,13.137557959814528,0
93,11,14,14,8,84,28.037383177570092,0,2.102803738317757,0,0,15.186915887850468,0
8,2,10,0,2,6,16.35514018691589,0,1.4018691588785046,3.0373831775700935,0,2.336448598130841,0
72,5,9,1,49,15,0,0,0,1.4018691588785046,1.8691588785046729,0,0.06542056074766354
67,8,15,4,59,1,14.018691588785046,0,0,0,8.411214953271028,0,0
90,13,10,1,68,21,11.682242990654206,11.682242990654206,0,1.4018691588785046,6.308411214953272,0,0.035046728971962614
17,3,8,1,4,12,44.39252336448598,14.018691588785046,0,2.5700934579439254,0,5.140186915887851,0
71,9,8,0,10,60,2.803738317757009,18.69158878504673,1.4018691588785046,0,0,14.719626168224298,0
75,11,13,4,10,65,46.728971962616825,0,3.7383177570093458,6.542056074766355,0,7.4766355140186915,0
81,9,8,1,64,15,3.7383177570093458,0,0,0,7.149532710280374,0,0.03037383177570093
70,10,12,4,17,46,46.728971962616825,11.682242990654206,1.1682242990654206,2.803738317757009,0,10.046728971962617,0
48,11,9,0,11,36,15.251652262328419,0,2.287747839349263,0,0,13.726487036095575,0
127,14,11,3,113,6,0,0,0,0,10.167768174885612,0,0.017793594306049824
76,10,9,1,73,2,0,0,0,0,6.354855109303507,0,0.045754956786985254
43,5,8,0,40,2,25.419420437214033,0,2.541942043721403,1.2709710218607015,7.117437722419929,0,0
7,2,8,4,3,4,7.625826131164209,20.335536349771225,7.62582613116421,3.050330452465684,0,2.541942043721403,0
36,3,9,1,24,8,15.251652262328419,0,0.762582613116421,1.2709710218607015,5.592272496187087,0,0
60,13,12,1,56,4,0,0,0,0,6.863243518047788,0,0.03304524656837824
85,9,11,1,81,1,23.385866802236908,0,0,2.287747839349263,7.269954245043213,0,0.03812913065582105
8,2,12,0,2,3,54.90594814438231,20.335536349771225,4.575495678698526,0,0,0,0
61,8,10,0,56,3,10.167768174885612,0,0,3.050330452465684,8.64260294865277,0,0
65,9,14,4,50,7,37.5751503006012,12.525050100200401,6.513026052104207,0,3.006012024048096,2.50501002004008,0.03256513026052104
86,17,11,1,73,11,0,0,0,1.7535070140280562,10.02004008016032,0,0.03256513026052104
85,21,10,1,7,77,15.030060120240481,15.030060120240481,2.2545090180360723,0,0,15.531062124248496,0.025050100200400802
15,4,11,0,3,11,40.08016032064128,27.55511022044088,3.7575150300601203,0,0,2.50501002004008,0
46,9,16,2,12,29,45.09018036072145,0,9.519038076152304,3.006012024048096,0,3.006012024048096,0
48,7,16,3,34,8,50.100200400801604,0,0,0,4.759519038076152,0,0
58,14,12,2,15,42,16.53306613226453,12.525050100200401,0,0,9.919839679358716,0,0.02004008016032064
82,13,17,3,77,1,69.13827655310621,20.04008016032064,6.012024048096192,3.5070140280561124,2.50501002004008,0,0
68,8,15,0,66,1,34.06813627254509,0,2.004008016032064,1.503006012024048,6.2625250501002006,0,0
13,6,16,2,4,7,77.65531062124248,0,4.008016032064129,1.503006012024048,0,0,0
84,17,17,2,82,0,59.171597633136095,22.75830678197542,7.965407373691397,0,2.275830678197542,0,0
65,9,10,1,64,1,13.654984069185252,0,0,0,9.558488848429677,0,0
70,10,9,1,69,0,0,0,0,0,9.330905780609923,0,0
61,5,11,2,12,41,13.654984069185252,0,1.3654984069185252,2.7309968138370504,0,6.144742831133364,0
18,4,11,1,4,12,14.792899408284024,40.964952207555754,7.05507510241238,1.137915339098771,0,0,0
24,6,13,1,5,15,50.06827492034593,11.37915339098771,5.2344105598543464,2.7309968138370504,0,0,0
52,10,16,1,37,14,91.03322712790168,0,4.551661356395084,1.137915339098771,1.8206645425580337,0,0
68,11,8,1,12,36,0,0,2.048247610377788,1.137915339098771,0,12.744651797906236,0
92,8,14,5,27,58,0,11.37915339098771,2.048247610377788,0,1.5930814747382795,10.468821119708693,0.027309968138370506
97,12,9,1,95,0,6.827492034592626,0,0,0,8.875739644970414,0,0.020482476103777878
12,7,8,4,2,9,7.2080730418068235,19.22152811148486,4.324843825084094,0,0,2.4026910139356077,0
85,12,17,6,35,50,86.49687650168188,0,4.324843825084094,3.8443056222969725,0,0,0
69,11,12,1,54,13,0,0,0,1.6818837097549255,6.487265737626141,0,0.02162421912542047
65,12,6,1,4,60,17.299375300336376,0,2.162421912542047,0,0,12.974531475252284,0
78,17,22,6,41,28,67.27534839019702,19.22152811148486,11.532916866890918,2.642960115329169,0,0,0
84,13,12,1,80,3,0,0,0,0,7.928880345987506,0,0.031234983181162905
76,8,14,9,9,66,32.676597789524266,0,2.162421912542047,0,0,9.851033157135992,0
17,5,16,1,3,11,48.05382027871216,33.63767419509851,4.324843825084094,0,0,0,0
82,17,14,0,77,3,14.416146083613647,0,0,1.2013455069678038,9.13022585295531,0,0
54,10,21,10,28,20,12.01345506967804,12.01345506967804,1.2013455069678038,2.642960115329169,1.2013455069678038,0,0.019221528111484865
85,12,12,1,80,4,0,0,0,1.7957927142124166,9.235505387378142,0,0.02052334530528476
75,10,7,1,61,13,0,76.96254489481785,3.3350436121087736,0,5.38737814263725,0,0.02052334530528476
87,9,16,0,59,28,15.392508978963571,46.177526936890715,10.7747562852745,4.8742945100051305,0,0,0
17,5,10,2,1,15,25.65418163160595,28.219599794766545,0,0,0,8.465879938429964,0
108,13,17,10,71,29,38.48127244740893,0,3.078501795792714,2.8219599794766546,3.078501795792714,2.565418163160595,0.033350436121087734
54,4,16,4,42,5,0,0,0,0,8.978963571062083,0,0
50,10,12,0,40,4,0,0,0,0,2.565418163160595,0,0.07696254489481785
33,13,10,1,2,28,30.785017957927142,0,0,0,0,10.51821446895844,0
81,10,13,2,79,1,52.84761416110826,0,4.104669061056952,0,6.824012314007183,0,0
56,9,9,0,7,48,6.157003591585428,20.52334530528476,2.3088763468445355,0,0,11.800923550538736,0
31,2,12,5,16,10,25.66735112936345,0,0,2.8234086242299794,1.2833675564681726,0,0.006160164271047228
64,10,17,1,58,0,61.60164271047228,0,1.540041067761807,1.540041067761807,4.363449691991787,0,0
65,7,8,1,62,2,0,0,0,0,4.62012320328542,0,0.0513347022587269
25,9,8,0,1,23,7.700205338809035,0,0,0,0,8.726899383983573,0
45,7,12,0,45,0,10.26694045174538,0,0,0,6.160164271047227,0,0
13,4,11,1,4,9,7.700205338809035,41.06776180698152,10.010266940451746,1.540041067761807,0,0,0
94,8,9,1,88,5,0,0,0,0,9.496919917864476,0,0.03336755646817248
76,17,10,1,69,6,92.40246406570843,0,5.646817248459959,2.8234086242299794,2.566735112936345,0,0
57,9,10,2,13,43,3.080082135523614,20.53388090349076,0,0,2.0533880903490758,17.197125256673512,0
52,6,11,2,13,33,0,0,2.3100616016427105,0,0,10.780287474332649,0.02566735112936345
46,10,20,6,16,24,92.31536926147704,0,3.9920159680638725,4.241516966067865,0,0,0
38,10,8,0,7,31,2.9940119760479043,19.960079840319363,1.4970059880239521,2.9940119760479043,0,14.720558882235531,0
21,3,18,1,14,3,69.86027944111775,0,0,7.485029940119761,0,0,0
52,9,12,0,51,0,14.970059880239521,0,0,0,9.980039920159681,0,0
68,8,6,0,68,0,0,0,0,0,10.728542914171657,0,0.005988023952095809
7,3,13,1,3,4,16.21756487025948,19.960079840319363,5.9880239520958085,2.9940119760479043,0,0,0
49,15,9,1,12,36,32.93413173652695,0,1.4970059880239521,0,0,12.475049900199602,0
91,10,16,6,80,2,0,0,0,0,6.7365269461077855,0,0.03343313373253493
70,13,9,1,56,13,0,0,0,0,8.233532934131736,0,0.03493013972055888
74,14,9,1,23,50,32.93413173652695,14.970059880239521,0,0,0,14.72055888223553,0.0249500998003992
111,20,9,2,109,0,0,0,0,0,9.6514745308311,0,0.04289544235924933
10,4,8,0,4,5,32.171581769437,34.85254691689008,6.434316353887399,1.6085790884718498,0,2.680965147453083,0
77,10,16,0,70,7,44.50402144772118,34.85254691689008,4.825737265415549,1.3404825737265416,1.3404825737265416,0,0.021447721179624665
44,7,9,1,8,23,0,0,2.4128686327077746,1.3404825737265416,0,11.26005361930295,0
92,6,11,3,61,23,0,0,0,0,7.774798927613941,0,0.02520107238605898
73,7,9,1,58,15,0,0,0,1.3404825737265416,6.434316353887399,0,0.034852546916890076
47,12,8,0,4,42,3.2171581769436997,0,2.4128686327077746,0,0,13.136729222520108,0
64,8,12,0,63,0,0,0,0,0,9.919571045576408,0,0
68,5,16,3,16,46,64.343163538874,16.0857908847185,2.680965147453083,1.3404825737265416,0,3.2171581769436997,0
19,3,11,0,2,16,16.0857908847185,16.0857908847185,0,0,0,9.115281501340483,0
111,8,11,6,60,44,20.2020202020202,0,0,1.2626262626262625,3.787878787878788,6.565656565656566,0.012626262626262626
72,7,14,0,58,13,84.84848484848486,0,2.525252525252525,4.04040404040404,2.1717171717171717,0,0
47,6,11,2,21,25,0,12.626262626262626,0,0,1.7676767676767677,10.606060606060606,0.050505050505050504
12,5,5,3,3,8,7.575757575757576,0,4.545454545454546,0,0,6.565656565656566,0
68,13,4,0,13,53,33.333333333333336,0,2.272727272727273,0,0,12.121212121212121,0
69,5,16,6,42,19,32.82828282828283,0,0,4.04040404040404,1.7676767676767677,2.525252525252525,0.012626262626262626
70,5,8,0,66,3,0,0,0,0,8.585858585858587,0,0
79,12,14,2,11,68,18.181818181818183,15.151515151515152,1.5151515151515151,0,0,13.88888888888889,0
36,6,9,1,31,1,4.040404040404041,0,0,0,2.424242424242424,0,0.05303030303030304
14,2,6,2,5,9,17.676767676767675,20.2020202020202,3.0303030303030303,1.5151515151515151,0,2.525252525252525,0
78,14,7,1,11,66,3.1364349189754313,0,2.3523261892315737,1.3068478829064296,0,14.8980658651333,0
20,7,10,0,2,17,0,20.909566126502874,2.3523261892315737,0,0,11.500261369576581,0
70,9,11,1,14,56,51.22843700993205,41.81913225300575,6.5342394145321485,0,0,5.4887611082070045,0
85,4,9,1,66,18,4.181913225300575,0,0,1.5682174594877156,6.1683220073183485,0,0.04181913225300575
76,7,9,2,44,28,26.136957658128594,0,2.6136957658128592,3.1364349189754313,2.8750653423941452,2.6136957658128592,0.013068478829064296
59,10,8,0,4,54,0,20.909566126502874,0,0,0,19.86408782017773,0
57,6,14,2,53,2,31.364349189754314,0,2.0909566126502876,3.6591740721380033,4.44328280188186,0,0
5,3,6,1,2,3,7.841087297438579,10.454783063251437,1.5682174594877156,3.1364349189754313,0,3.6591740721380033,0
57,6,14,3,38,11,0,0,0,0,9.147935180345009,0,0
86,8,8,0,84,0,0,0,0,0,7.0569785676947205,0,0.03920543648719289
61,15,8,0,4,56,0,49.382716049382715,1.4814814814814814,0,0,15.802469135802468,0
66,11,12,0,60,6,54.32098765432099,24.691358024691358,9.135802469135802,0,1.728395061728395,0,0
12,5,14,4,2,9,7.407407407407407,39.50617283950617,7.407407407407407,1.4814814814814814,0,3.45679012345679,0
68,10,17,3,56,6,18.765432098765434,0,1.9753086419753085,0,9.62962962962963,0,0
70,6,9,1,66,4,3.950617283950617,0,0,0,7.555555555555555,0,0.0345679012345679
95,15,11,1,73,21,0,0,0,0,8.148148148148147,0,0.03209876543209876
15,3,10,7,6,9,24.691358024691358,12.345679012345679,2.716049382716049,2.962962962962963,0,3.45679012345679,0
80,11,16,3,54,17,49.382716049382715,0,5.432098765432098,2.2222222222222223,5.432098765432098,0,0
74,13,12,0,51,22,0,0,1.4814814814814814,2.2222222222222223,9.62962962962963,0,0.01728395061728395
63,8,12,0,63,0,0,0,0,0,10.617283950617283,0,0.01728395061728395
100,12,11,3,79,12,0,0,0,0,7.02576112412178,2.34192037470726,0.03278688524590164
84,14,7,0,10,74,0,0,2.107728337236534,0,0,17.330210772833723,0
57,6,10,0,56,0,36.53395784543325,0,0.702576112412178,1.17096018735363,6.229508196721311,0,0
58,7,7,0,51,0,0,0,0,0,6.557377049180328,0,0.03981264637002342
31,7,6,0,4,26,0,0,2.107728337236534,2.810304449648712,0,8.430913348946136,0
75,5,10,0,51,23,3.747072599531616,0,0,1.873536299765808,4.8243559718969555,0,0.05152224824355972
40,6,13,0,22,17,46.8384074941452,4.68384074941452,4.215456674473068,3.747072599531616,1.873536299765808,4.449648711943794,0
41,3,11,2,34,3,14.05152224824356,0,0,0,8.665105386416862,0,0
49,8,12,0,17,30,50.58548009367682,30.44496487119438,11.475409836065575,0,0,0,0
29,5,11,5,4,25,0,0,0,0,0,10.772833723653395,0
38,8,11,0,10,27,0,66.0377358490566,4.245283018867925,0,0,7.547169811320755,0
73,3,19,3,38,29,63.67924528301887,0,2.358490566037736,1.179245283018868,1.650943396226415,0,0
30,6,9,0,5,24,0,11.79245283018868,2.1226415094339623,2.830188679245283,0,7.547169811320755,0
86,15,11,1,83,2,0,0,0,0,4.952830188679245,0,0.049528301886792456
26,6,17,1,6,16,51.88679245283019,0,3.7735849056603774,2.830188679245283,0,0,0
41,11,9,1,10,30,2.830188679245283,18.867924528301888,0,0,0,18.632075471698112,0
52,7,9,1,44,2,0,0,0,0,3.30188679245283,0,0.032547169811320754
22,5,14,1,6,13,58.9622641509434,18.867924528301888,5.188679245283019,1.4150943396226414,0,0,0
126,18,11,1,95,28,11.79245283018868,11.79245283018868,0,0,7.075471698113208,0,0.07311320754716981
61,9,10,3,23,35,50.94339622641509,18.867924528301888,4.245283018867925,7.311320754716981,0,2.830188679245283,0
84,6,12,3,66,9,0,0,4.6360686138154845,1.6226240148354196,4.172461752433936,0,0.01854427445526194
63,9,10,0,8,54,0,0,1.3908205841446453,2.7816411682892905,0,16.689847009735743,0
64,16,6,1,59,4,0,0,0,0,7.649513212795549,0,0.048678720445062586
61,7,15,1,5,55,30.598052851182196,13.908205841446453,6.02688919796013,0,0,7.881316643486323,0
18,4,14,1,6,9,57.95085767269355,11.590171534538712,4.404265183124711,3.2452480296708393,0,0,0
16,3,11,1,3,11,74.17709782104775,0,2.3180343069077423,0,0,0,0
55,6,13,3,34,19,0,0,0,2.7816411682892905,4.40426518312471,6.02688919796013,0.011590171534538712
71,10,8,1,53,10,0,0,0,0,6.722299490032452,0,0.016226240148354196
74,11,11,1,74,0,36.161335187760784,11.590171534538712,0,4.6360686138154845,3.8479369494668525,0,0.01854427445526194
61,13,10,1,7,36,17.617060732498842,18.544274455261938,0,0,0,13.908205841446454,0
98,11,15,5,59,33,0,0,0,1.2899896800825594,7.739938080495357,6.707946336429309,0.012899896800825593
54,13,7,1,12,41,34.05572755417957,0,2.321981424148607,0,0,12.38390092879257,0
51,7,7,0,47,4,41.279669762641895,0,5.41795665634675,1.805985552115583,3.6119711042311664,0,0
18,3,9,1,5,12,56.759545923632615,0,4.12796697626419,4.385964912280702,0,0,0
75,13,6,1,63,11,0,0,0,0,9.803921568627452,0,0.01805985552115583
25,6,10,0,5,20,0,12.899896800825593,0,0,0,12.899896800825594,0
34,4,11,0,32,1,55.72755417956656,0,5.159958720330238,1.2899896800825594,2.579979360165119,0,0
43,4,21,2,21,16,72.23942208462333,0,2.579979360165119,2.8379772961816307,0,0,0
46,6,8,0,40,0,15.479876160990711,0,0,0,4.643962848297214,0,0.02321981424148607
55,7,9,0,30,20,4.12796697626419,25.799793601651185,3.353973168214654,0,0.41279669762641896,8.25593395252838,0
100,13,15,5,53,42,14.299332697807436,0,2.8598665395614873,6.67302192564347,3.574833174451859,6.196377502383222,0.011916110581506196
60,11,23,6,22,36,75.30981887511916,0,8.579599618684462,2.621544327931363,0,0,0
16,4,7,0,3,12,7.149666348903718,19.065776930409914,0,0,0,12.631077216396568,0
131,11,11,3,122,4,11.916110581506196,11.916110581506196,3.336510962821735,0,10.247855100095329,0,0.019065776930409915
75,6,8,0,73,0,0,0,0,0,5.243088655862726,0,0.057197330791229746
76,14,9,0,16,60,31.45853193517636,14.299332697807436,0,0,0,15.967588179218303,0
79,8,13,3,62,7,0,0,0,0,6.911344137273593,2.3832221163012393,0.02478551000953289
54,11,17,0,50,1,57.197330791229746,0,7.149666348903718,1.1916110581506196,2.3832221163012393,0,0
73,9,9,1,65,7,0,0,0,0,6.911344137273594,0,0.03336510962821735
40,8,10,0,23,17,21.9256434699714,66.7302192564347,0,0,0.3813155386081983,11.43946615824595,0
9,3,12,0,1,7,7.684426229508197,20.491803278688526,6.147540983606557,3.0737704918032787,0,2.5614754098360657,0
45,12,15,1,11,31,38.42213114754098,0,1.5368852459016393,4.610655737704918,0,9.989754098360656,0
58,9,13,1,2,56,18.442622950819672,0,2.305327868852459,0,0,12.295081967213115,0.025614754098360656
55,14,19,2,20,34,66.59836065573771,0,7.6844262295081975,7.684426229508197,0,0,0
53,10,10,1,50,2,4.098360655737705,0,0,1.7930327868852458,7.325819672131147,0,0.033299180327868855
70,12,14,0,69,1,51.22950819672131,12.807377049180328,2.5614754098360657,2.817622950819672,5.635245901639344,0,0.020491803278688523
127,11,16,5,94,22,0,0,0,0,4.354508196721311,2.5614754098360657,0.05122950819672131
39,15,10,0,6,32,30.737704918032787,20.491803278688526,0,0,0,15.625,0
63,11,12,2,6,56,15.368852459016393,20.491803278688526,2.305327868852459,0,0,17.67418032786885,0
70,13,12,1,19,49,16.90573770491803,12.807377049180328,0,0,10.399590163934425,0,0.020491803278688523
116,13,12,0,79,36,0,0,0,1.7820773930753564,8.655804480651732,0,0.017820773930753563
57,5,13,4,45,6,54.989816700610994,0,6.109979633401222,0,3.818737270875764,0,0
58,11,9,0,11,46,0,50.91649694501018,1.5274949083503055,0,0,9.164969450101832,0
61,11,8,1,54,0,0,0,0,1.5274949083503055,4.0733197556008145,0,0.06109979633401222
10,4,10,1,3,6,20.621181262729124,0,3.564154786150713,4.327902240325866,0,0,0
9,3,11,0,3,5,30.54989816700611,25.45824847250509,3.564154786150713,0,0,2.545824847250509,0
81,8,17,1,64,17,25.45824847250509,25.45824847250509,9.928716904276985,5.855397148676172,0,0,0
58,10,10,1,17,40,48.87983706720977,15.274949083503055,0,0,0,11.710794297352344,0
56,7,7,0,54,1,4.0733197556008145,0,0,0,6.517311608961304,0,0.03309572301425662
78,8,13,7,40,34,0,0,0,0,3.8187372708757636,10.692464358452138,0.03818737270875764
103,14,10,1,101,2,0,0,0,0,9.312320916905444,0,0.03104106972301815
13,3,7,0,4,9,7.163323782234957,0,4.059216809933142,5.491881566380133,0,2.387774594078319,0
33,8,10,0,25,6,19.10219675262655,11.938872970391595,1.9102196752626552,1.1938872970391594,4.059216809933142,2.387774594078319,0.03104106972301815
69,8,8,2,23,45,0,11.938872970391595,0,0,2.8653295128939824,6.20821394460363,0.04775549188156638
91,7,17,3,55,29,0,0,1.4326647564469914,1.9102196752626552,2.8653295128939824,2.387774594078319,0.0501432664756447
71,11,10,1,66,3,14.326647564469914,0,0,2.1489971346704873,10.02865329512894,0,0
23,5,12,2,5,16,52.53104106972302,19.10219675262655,6.685768863419293,0,0,0,0
88,7,16,8,55,26,42.02483285577841,0,3.8204393505253105,0,2.8653295128939824,2.387774594078319,0.011938872970391595
53,4,8,0,51,1,0,0,0,0,6.9245463228271245,0,0.03533906399235912
59,10,9,0,13,45,14.326647564469914,0,0,0,0,13.371537726838588,0.02387774594078319
58,7,13,2,55,0,31.510658016682115,0,3.2437442075996294,0,5.792400370713624,0,0
46,5,12,1,15,26,18.535681186283597,18.535681186283597,5.560704355885079,2.7803521779425395,0,2.7803521779425395,0
40,4,8,1,32,0,3.7071362372567194,0,0,1.3901760889712698,1.5291936978683967,0,0.025486561631139944
13,2,8,1,2,10,24.559777571825766,11.584800741427248,5.329008341056534,0,0,2.3169601482854496,0
90,8,7,0,13,77,6.950880444856349,0,2.0852641334569046,0,0,12.511584800741428,0.023169601482854494
71,9,5,0,69,1,0,0,0,0,6.255792400370714,0,0.030120481927710843
43,7,12,2,42,0,67.19184430027804,0,3.7071362372567194,2.5486561631139946,2.3169601482854496,0,0
140,9,14,4,115,15,13.901760889712698,0,0,0,14.828544949026877,0,0
32,4,5,0,11,20,0,11.584800741427248,2.0852641334569046,0,0,11.584800741427248,0
41,8,8,1,6,34,6.950880444856349,18.535681186283597,4.865616311399444,1.3901760889712698,0,8.341056533827619,0
93,17,11,0,91,1,15.789473684210526,0,0,1.3157894736842106,9.736842105263158,0,0
45,6,11,8,9,31,71.05263157894737,0,3.1578947368421053,1.5789473684210527,0,0,0
20,6,5,0,3,17,7.894736842105263,21.05263157894737,0,0,0,7.894736842105264,0
65,10,8,1,56,9,0,0,0,0,7.368421052631579,0,0.018421052631578946
76,7,8,1,74,1,0,0,0,0,7.631578947368421,0,0.03421052631578947
69,4,10,1,67,1,8.421052631578947,0,0,0,5.842105263157894,0,0.03421052631578947
114,9,12,1,106,2,13.157894736842104,13.157894736842104,0,0,10.789473684210526,0,0.021052631578947368
60,7,14,3,44,11,33.1578947368421,13.157894736842104,3.6842105263157894,0,3.1578947368421053,2.6315789473684212,0.03421052631578947
53,5,11,3,11,38,36.8421052631579,0,1.5789473684210527,0,0,5.0,0
7,3,10,0,2,5,52.63157894736842,0,3.947368421052632,0,0,0,0
54,9,17,3,39,11,65.33945890760592,0,2.297090352220521,2.807554874936192,1.7866258295048494,2.5523226135783563,0.012761613067891782
59,10,19,15,6,48,90.86268504338948,0,2.5523226135783563,2.807554874936192,0,0,0
82,13,8,0,10,72,0,20.41858090862685,0,4.338948443083206,0,10.209290454313425,0
73,12,13,1,70,2,0,0,0,0,3.8284839203675345,0,0.0816743236345074
10,5,17,1,2,7,56.15109749872384,15.313935681470138,1.5313935681470139,2.807554874936192,0,0,0
52,12,16,9,29,23,55.1301684532925,20.41858090862685,13.782542113323125,0,0,0,0
83,15,15,8,71,9,0,0,0,0,4.338948443083206,0,0.05870342011230219
63,13,11,1,9,53,34.71158754466565,15.313935681470138,0,0,0,17.355793772332824,0
83,13,9,1,80,3,4.08371618172537,0,0,0,9.08626850433895,0,0.033180193976518634
19,5,12,1,4,13,37.00867789688616,0,9.188361408882082,0,0,0,0
58,4,9,0,43,14,3.7968675842429995,0,0,0,6.312292358803987,0,0.030849549121974372
54,9,12,3,11,42,17.085904129093496,14.238253440911247,0,1.1865211200759374,0,10.204081632653061,0
83,9,12,0,56,26,3.7968675842429995,0,0,1.1865211200759374,6.312292358803987,0,0.016611295681063124
75,8,11,1,67,2,23.730422401518748,0,3.7968675842429995,0,7.593735168485999,0,0
11,1,13,9,3,3,28.476506881822495,30.84954912197437,5.457997152349312,0,0,0,0
82,13,16,0,54,26,59.32605600379687,42.714760322733746,9.729473184622686,4.034171808258186,0,0,0
87,9,11,2,59,18,0,0,3.3222591362126246,0,9.729473184622686,0,0.007119126720455624
12,5,6,7,5,7,9.492168960607499,30.84954912197437,4.271476032273374,0,0,4.983388704318937,0
71,12,8,0,65,5,0,0,0,0,7.831039392501186,0,0.03322259136212625
66,8,5,1,10,55,2.8476506881822496,18.984337921214998,0,1.1865211200759374,0,14.00094921689606,0
72,9,12,0,71,0,15.128593040847202,0,0,2.26928895612708,11.346444780635402,0,0
116,10,14,6,59,50,35.30005042864347,0,0,0,3.7821482602118004,9.581442259203227,0.012607160867372668
18,9,11,0,1,16,22.692889561270803,0,0,1.7650025214321734,0,6.303580433686334,0
67,13,9,1,61,5,4.034291477559254,0,0,0,7.211296016137166,0,0.03277861825516894
62,8,12,5,10,45,84.72012102874433,15.128593040847202,3.2778618255168936,2.773575390821987,0,3.02571860816944,0
61,8,11,1,49,12,16.64145234493192,12.607160867372668,0,0,6.959152798789713,0,0.037821482602118
33,7,10,1,11,20,0,12.607160867372668,2.26928895612708,0,0,13.61573373676248,0
60,9,13,0,58,0,55.47150781643974,0,4.7907211296016134,3.530005042864347,2.5214321734745337,0,0
56,11,14,1,51,1,15.128593040847202,0,0,2.26928895612708,8.572869389813414,0,0
29,9,11,0,2,27,7.564296520423601,0,3.7821482602118,3.02571860816944,0,6.051437216338881,0
40,3,10,0,36,3,57.110222729868646,0,0,0,4.568817818389492,0,0
57,10,7,1,9,30,3.426613363792119,0,0,0,0,12.278697886921758,0
37,5,13,1,30,4,28.555111364934323,0,2.8555111364934325,0,6.282124500285551,0,0
11,2,11,1,4,3,51.399200456881786,0,0,0,0.8566533409480297,0,0
62,6,7,1,59,2,4.568817818389491,0,0,0,4.454597372929754,0,0.03712164477441462
39,9,9,0,37,2,38.83495145631068,0,0,0,7.138777841233581,0,0
67,3,13,6,44,17,37.12164477441462,0,2.8555111364934325,1.4277555682467162,1.9988577955454025,2.8555111364934325,0.014277555682467162
62,4,9,2,14,47,34.837235865219874,31.410622501427753,0,0,1.4277555682467162,5.996573386636207,0.022844089091947458
110,15,8,1,97,11,4.568817818389491,0,0,0,10.736721873215304,0,0.03712164477441462
12,7,5,0,2,10,8.566533409480297,37.12164477441462,5.139920045688179,1.7133066818960594,0,5.711022272986865,0
52,10,8,1,10,28,3.0721966205837172,20.48131080389145,0,0,0,16.129032258064516,0
73,11,6,1,72,1,4.09626216077829,0,0,0,7.834101382488479,0,0.031746031746031744
84,10,20,8,57,19,92.16589861751152,0,2.5601638504864312,2.8161802355350742,1.7921146953405018,0,0
44,7,14,1,27,14,70.6605222734255,0,9.728622631848438,4.09626216077829,0,0,0
49,15,7,1,15,34,15.360983102918587,0,0,0,0,13.31285202252944,0.025601638504864313
55,7,17,4,37,13,15.360983102918587,0,0,0,3.840245775729647,0,0.02048131080389145
11,2,15,4,4,5,62.72401433691756,0,2.5601638504864312,2.8161802355350742,0,0,0
27,7,7,0,13,12,3.0721966205837172,20.48131080389145,0,0,0,15.104966717869942,0
64,11,10,1,61,2,4.09626216077829,0,0,0,3.9938556067588324,0,0.053763440860215055
45,8,17,0,33,10,25.60163850486431,20.48131080389145,9.728622631848438,4.09626216077829,0,0,0
82,11,12,1,62,18,4.626951995373048,0,0,0,8.270676691729324,0,0.03759398496240601
15,3,12,1,6,5,34.70213996529786,23.13475997686524,5.205320994794679,1.4459224985540775,0,0,0
59,10,14,1,46,11,50.89647194910353,0,5.205320994794679,3.470213996529786,4.511278195488722,0,0
52,7,14,2,37,8,57.8368999421631,0,6.362058993637941,1.4459224985540775,3.470213996529786,0,0
43,12,9,0,6,36,3.470213996529786,0,1.735106998264893,4.9161364950838635,0,15.326778484673222,0
106,8,10,0,72,32,13.302486986697513,0,0,0,6.824754193175246,0,0.04337767495662233
8,6,12,3,1,6,28.91844997108155,0,1.735106998264893,3.470213996529786,0,4.048582995951417,0
61,7,10,1,58,3,4.626951995373048,0,0,0,5.089647194910353,0,0.05205320994794679
138,15,18,13,106,26,39.32909196067091,0,0,1.4459224985540775,9.253903990746096,2.891844997108155,0.014459224985540775
53,12,11,0,9,43,24.291497975708502,0,0,0,0,14.17004048582996,0
20,5,9,0,2,17,24.98611882287618,16.65741254858412,0,0,0,7.218212104386452,0
47,5,9,1,47,0,4.441976679622432,0,0,1.665741254858412,5.163797890061077,0,0.04441976679622432
61,10,20,3,45,11,55.5247084952804,0,2.77623542476402,2.498611882287618,6.107717934480844,0,0
83,14,13,1,8,75,19.988895058300944,38.86729594669628,2.498611882287618,0,0,15.824541921154914,0
41,9,10,0,3,37,16.65741254858412,16.65741254858412,0,3.331482509716824,0,9.994447529150472,0
46,15,10,0,12,33,27.7623542476402,22.20988339811216,9.994447529150472,4.719600222098834,0,3.331482509716824,0
76,10,8,1,11,64,3.331482509716824,0,0,0,0,17.490283176013328,0
16,6,12,0,5,9,63.85341476957247,22.20988339811216,4.997223764575236,1.38811771238201,0,0,0
76,16,12,1,59,16,0,0,0.832870627429206,0,9.439200444197668,0,0.036091060521932256
71,4,14,6,24,40,0,0,0,0,1.943364797334814,9.439200444197667,0.06107717934480844
49,5,15,2,34,10,21.481062747314866,0,0,0,7.631430186546071,0,0
9,4,7,2,1,8,8.479366873940078,0,2.5438100621820237,0,0,6.783493499152064,0
38,2,7,0,34,0,4.522328999434709,0,0,0,5.2572074618428495,0,0.033352176370830974
68,6,11,1,5,62,3.391746749576032,0,1.695873374788016,4.804974561899378,0,7.631430186546072,0
54,9,10,1,18,34,25.43810062182024,0,1.695873374788016,1.695873374788016,2.2611644997173546,9.044657998869418,0.02826455624646693
82,8,10,2,75,6,39.5703787450537,14.132278123233466,0,3.1091011871113627,5.370265686828717,0,0.022611644997173545
59,11,7,1,14,45,0,33.91746749576032,0,0,0,16.95873374788016,0
65,8,14,2,57,4,16.958733747880157,0,0,0,10.457885811192764,0,0
80,9,6,1,76,2,0,0,0,0,8.592425098925947,0,0.03674392312040701
24,5,12,1,8,13,81.9672131147541,16.958733747880157,0,2.2611644997173546,0,0,0
51,9,8,1,49,1,4.04244567963618,0,0,0,8.741788782213238,0,0.017685699848408287
65,7,12,1,9,55,3.031834259727135,0,2.2738756947953513,0,0,12.3799898938858,0
27,9,5,0,3,24,0,0,2.2738756947953513,0,0,10.35876705406771,0
58,6,12,0,57,0,83.37544214249621,0,1.5159171298635674,1.5159171298635674,1.7685699848408287,0,0
69,6,16,2,53,6,0,0,0,0,6.821627084386053,0,0.017685699848408287
73,9,15,4,72,1,83.37544214249621,0,7.074279939363314,0,2.526528549772612,0,0
58,7,11,0,58,0,19.201616978271854,0,0,0,7.7311773623041935,0,0.03031834259727135
54,9,10,1,48,5,0,0,0,0,5.305709954522486,0,0.017685699848408287
21,1,4,1,15,4,14.14855987872663,0,2.02122283981809,0,0,0,0
82,14,10,1,81,1,0,0,0,0,11.116725618999496,0,0
56,11,12,0,39,15,89.40568475452196,0,6.718346253229974,2.842377260981912,0,0,0
96,16,13,0,93,1,0,0,0,0,12.14470284237726,0,0
84,8,8,1,17,61,0,0,2.3255813953488373,0,0,10.852713178294573,0.025839793281653745
83,15,10,1,82,1,4.134366925064599,0,0,0,8.682170542635658,0,0.023255813953488372
14,4,13,1,5,4,56.84754521963824,0,4.134366925064599,3.10077519379845,0,0,0
44,9,11,1,42,2,4.134366925064599,0,0,0,5.322997416020672,0,0.033591731266149866
12,4,14,0,4,6,40.310077519379846,0,2.0671834625322996,0,0,0,0
47,3,13,2,32,10,25.839793281653748,0,5.426356589147286,1.2919896640826873,3.10077519379845,0,0
50,9,11,1,7,42,3.10077519379845,20.671834625322997,2.3255813953488373,0,0,11.11111111111111,0
75,14,16,0,50,23,51.679586563307495,20.671834625322997,15.503875968992247,0,0,0,0
87,12,15,0,66,20,46.39463387367244,13.97428731134712,4.471771939631079,2.5153717160424818,6.0368921185019575,0,0.022358859698155393
76,10,16,3,14,56,16.769144773616546,16.769144773616546,1.6769144773616547,3.3538289547233093,0,14.533258803801008,0
78,10,10,1,71,6,4.471771939631079,0,0,1.3974287311347122,8.552263834544437,0,0.01956400223588597
65,7,12,1,60,5,0,0,0,0,7.546115148127446,0,0.03912800447177194
11,4,10,3,4,6,41.922861934041364,0,1.6769144773616547,6.428172163219676,0,2.7948574622694244,0
106,20,15,4,29,72,0,22.358859698155396,1.6769144773616547,3.3538289547233093,2.2358859698155396,17.887087758524316,0
68,9,9,1,12,55,3.3538289547233093,0,2.5153717160424818,0,0,10.34097261039687,0
10,3,12,1,3,6,54.77920626048072,22.358859698155396,7.266629401900503,0,0,0,0
96,10,10,1,89,5,0,0,0,0,11.738401341531583,0,0.03633314700950252
66,8,9,0,63,0,4.471771939631079,0,0,0,7.713806595863611,0,0.03633314700950252
38,11,9,0,4,32,22.65861027190332,0,2.2658610271903323,0,0,10.070493454179253,0
71,9,12,0,46,23,39.274924471299094,0,3.524672708962739,0,3.524672708962739,0,0.017623363544813697
51,6,17,7,31,15,89.62739174219537,0,6.042296072507552,2.769385699899295,0,0,0
71,10,12,6,69,0,25.17623363544814,0,3.0211480362537766,0,7.301107754279959,0,0.030211480362537766
92,12,10,4,29,60,0,12.58811681772407,0,0,1.7623363544813695,13.595166163141995,0.06797583081570997
64,5,16,3,41,15,30.211480362537763,0,0,3.524672708962739,5.53877139979859,0,0
106,12,9,1,104,1,0,0,0,0,8.559919436052366,0,0.02014098690835851
68,9,14,0,61,6,7.552870090634441,0,0,0,7.552870090634441,0,0.017623363544813697
79,13,14,2,72,6,15.105740181268882,0,1.5105740181268883,0,6.797583081570997,0,0.02014098690835851
25,6,8,0,2,22,7.552870090634441,0,2.2658610271903323,0,0,10.070493454179255,0
23,5,7,0,5,17,8.403361344537815,0,1.680672268907563,5.602240896358543,0,5.042016806722689,0
88,17,14,2,85,1,0,0,0,0,14.005602240896359,0,0
106,4,18,12,50,47,0,22.408963585434172,5.042016806722689,1.4005602240896358,1.9607843137254901,2.8011204481792715,0.014005602240896359
65,15,10,0,11,53,0,0,0,1.4005602240896358,0,14.565826330532213,0
77,7,7,1,63,12,4.481792717086835,0,0,0,5.770308123249299,0,0.03641456582633053
11,1,9,2,4,6,28.011204481792717,0,1.680672268907563,3.361344537815126,0,2.8011204481792715,0
57,10,10,1,43,13,4.481792717086835,0,0,0,7.450980392156863,0,0.03641456582633053
52,7,14,10,3,48,33.61344537815126,0,1.680672268907563,0,0,12.04481792717087,0
63,7,16,6,18,44,0,0,0,0,1.9607843137254901,7.282913165266106,0.06722689075630252
39,4,14,2,6,29,43.69747899159664,22.408963585434172,5.042016806722689,0,0,1.1204481792717087,0
6,1,11,0,2,1,59.21432697862507,0,2.8885037550548818,0,0,0,0
60,3,11,1,45,14,45.06065857885615,14.442518775274408,3.466204506065858,1.4442518775274409,1.3287117273252456,0,0.008665511265164644
52,8,9,1,49,2,0,0,0,0,4.910456383593298,0,0.03755054881571346
45,7,7,0,7,37,0,23.108030040439054,0,0,0,13.864818024263432,0
54,6,14,2,16,34,17.33102253032929,0,0,0,0,9.532062391681109,0
62,7,9,1,61,0,17.33102253032929,0,0,0,11.554015020219527,0,0
61,13,6,1,17,33,0,23.108030040439054,0,0,0,18.486424032351245,0
61,10,7,1,55,1,0,0,0,0,6.35470826112074,0,0.06643558636626228
20,3,10,1,8,8,85.49971114962449,0,2.8885037550548818,0,0,0,0
81,7,13,7,57,18,0,0,2.310803004043905,1.4442518775274409,3.466204506065858,2.8885037550548818,0.03755054881571346
62,11,10,1,55,7,0,0,0,0,7.391763463569165,0,0.03695881731784583
58,12,17,1,55,0,84.47729672650475,0,2.6399155227032733,1.3199577613516367,2.6399155227032733,0,0
29,12,9,0,12,16,0,13.199577613516368,2.3759239704329462,0,0,14.255543822597676,0
103,19,18,5,83,14,0,0,0,0,5.279831045406547,0,0.04487856388595565
41,8,18,1,14,24,81.83738120380147,26.399155227032736,5.543822597676874,1.583949313621964,0,0,0
65,15,15,0,48,16,4.223864836325237,0,0,0,8.078141499472018,0,0.018479408658922915
55,10,10,0,55,0,0,0,0,0,5.543822597676874,0,0.0395987328405491
64,10,16,3,47,12,36.95881731784583,0,0,0,5.543822597676874,0,0.006335797254487857
54,10,18,2,10,39,54.38225976768744,15.839493136219641,6.335797254487856,0,0,3.167898627243928,0
9,4,16,1,3,5,71.2777191129884,0,3.167898627243928,1.583949313621964,0,0,0
38,10,13,1,7,29,3.2,21.333333333333332,1.6,0,0,15.73333333333333,0
45,7,14,2,22,18,16.0,0,0,0,0,9.333333333333332,0
62,14,12,1,52,3,4.266666666666667,0,0,0,5.76,0,0.05866666666666667
58,6,12,0,40,17,56.0,13.333333333333334,1.6,0,3.2,2.6666666666666665,0.034666666666666665
23,8,13,0,8,14,8.0,48.0,12.799999999999999,0,0,0,0
67,17,12,1,35,30,16.0,0,0,0,7.2,8.266666666666666,0
86,8,14,3,69,7,26.666666666666668,0,5.866666666666667,2.4,1.3333333333333333,0,0.04
78,10,14,2,59,13,16.0,0,2.1333333333333333,1.8666666666666667,10.933333333333334,0,0
55,9,12,1,52,2,16.0,0,5.333333333333333,1.3333333333333333,6.666666666666666,0,0
58,6,13,2,47,7,37.333333333333336,13.333333333333334,5.333333333333333,1.6,1.7066666666666666,0,0.04
52,11,8,0,11,39,0,51.17707267144319,0,0,0,15.353121801432959,0
78,5,11,6,42,29,45.03582395087001,0,2.0470829068577276,2.8147389969293757,1.7911975435005119,2.5588536335721597,0.0127942681678608
71,9,14,0,49,21,45.03582395087001,25.588536335721596,4.094165813715455,2.8147389969293757,0,0,0
84,20,10,1,80,3,0,0,0,1.5353121801432958,9.211873080859775,0,0.015353121801432957
13,6,15,2,5,6,74.20675537359263,15.353121801432959,1.5353121801432958,1.5353121801432958,0,0,0
40,6,11,0,36,3,7.6765609007164795,0,0,1.5353121801432958,4.350051177072672,0,0.01791197543500512
55,11,9,0,15,39,14.329580348004093,0,0,3.0706243602865917,0.4094165813715456,10.491299897645854,0
44,8,12,1,13,31,18.42374616171955,15.353121801432959,0,0,2.0470829068577276,11.003070624360287,0
15,6,8,1,2,12,7.6765609007164795,12.794268167860798,1.5353121801432958,3.0706243602865917,0,7.6765609007164795,0
64,10,20,4,42,14,63.97134083930399,0,5.117707267144319,1.5353121801432958,3.0706243602865917,0,0
68,6,16,6,54,7,0,0,0,0,4.511677282377919,0,0.04777070063694267
55,7,8,1,44,1,4.246284501061571,0,0,0,3.8747346072186835,0,0.06369426751592357
70,8,13,0,25,45,30.78556263269639,26.53927813163482,6.104033970276008,3.1847133757961785,0,3.1847133757961785,0
46,7,9,0,5,40,3.1847133757961785,74.3099787685775,0,0,0,15.658174097664544,0
10,4,9,4,3,6,7.961783439490445,13.26963906581741,2.91932059447983,3.1847133757961785,0,3.7154989384288744,0
88,10,18,8,32,48,75.90233545647558,0,6.900212314225053,2.91932059447983,0,0,0
65,8,5,0,12,52,3.1847133757961785,0,0,1.326963906581741,0,14.065817409766455,0
71,11,14,11,9,60,63.69426751592357,0,7.961783439490445,4.246284501061571,0,1.326963906581741,0
74,10,10,1,63,11,4.246284501061571,13.26963906581741,0,0,5.467091295116774,0,0.018577494692144373
12,2,6,12,4,8,7.961783439490445,0,0,0,0,7.961783439490446,0
15,4,15,1,4,11,36.373810856183546,0,3.9171796306659203,4.756575265808618,0,0,0
63,9,7,1,60,2,4.476776720761052,0,0,0,7.162842753217683,0,0.02518186905428092
44,7,11,1,25,12,0,0,0,0,8.953553441522104,0,0
80,7,12,0,50,28,0,0,0.8393956351426972,1.9585898153329602,7.554560716284275,0,0.03917179630665921
65,8,19,0,34,30,44.76776720761052,27.979854504756574,5.316172355903749,0,0,0,0
66,8,12,1,65,0,67.15165081141578,0,2.7979854504756574,1.3989927252378287,2.7979854504756574,0,0
13,5,10,1,3,9,47.565752658086176,22.38388360380526,5.036373810856183,1.6787912702853944,0,0,0
73,8,12,3,15,52,53.16172355903749,0,5.036373810856183,0,0,8.673754896474538,0
58,10,7,0,16,39,3.357582540570789,0,2.5181869054280916,0,0,15.388919977616116,0
74,17,9,1,61,4,0,0,0,1.3989927252378287,4.756575265808618,0,0.06155567991046447
64,11,12,1,10,52,0,0,2.5195968645016795,0,0,12.87793952967525,0
34,9,11,0,7,26,27.99552071668533,27.99552071668533,10.358342665173572,0,0,0,0
71,17,8,0,66,4,0,0,0,0,4.1993281075028,0,0.03919372900335946
42,3,12,3,30,6,0,0,0,0,8.678611422172454,0,0
10,2,6,1,3,4,33.5946248600224,0,0,1.3997760358342666,0,0,0
65,6,9,0,64,0,0,0,0.8398656215005599,0,10.638297872340425,0,0
58,8,8,1,44,14,4.479283314669653,0,0,0,8.566629339305711,0,0.01959686450167973
44,11,9,0,8,35,20.15677491601344,22.396416573348265,0,0,0,13.997760358342667,0
50,7,13,2,10,35,33.5946248600224,0,0,0,0,12.038073908174692,0
32,3,15,1,16,13,88.46584546472565,16.7973124300112,0,0,0,3.3594624860022395,0
53,11,8,0,12,41,3.5863717872086074,23.90914524805738,0,0,0,15.839808726838015,0
96,8,7,3,75,13,44.82964734010759,14.943215780035864,2.6897788404064555,3.28750747160789,3.5863717872086074,2.9886431560071727,0.038852361028093245
85,13,9,1,82,3,4.781829049611477,0,0,0,6.1566049013747755,0,0.038852361028093245
62,7,9,3,21,32,53.79557680812911,0,2.9886431560071727,5.080693365212194,0,3.5863717872086074,0
11,4,12,1,4,5,35.86371787208607,0,3.5863717872086074,3.5863717872086074,0,0,0
6,2,5,11,1,4,62.76150627615063,0,0,0,0,2.9886431560071727,0
39,4,18,2,29,5,29.886431560071728,0,2.9886431560071727,0,5.080693365212194,0,0
40,2,8,1,36,4,23.90914524805738,14.943215780035864,0,0,1.4943215780035863,0,0.023909145248057383
50,11,14,2,5,44,3.5863717872086074,0,1.7931858936043037,6.5750149432157805,0,11.655708308427974,0
70,11,10,1,54,15,19.72504482964734,29.886431560071728,0,0,6.1566049013747755,0,0.023909145248057383
46,6,11,1,38,3,4.563605248146035,0,0,0,4.4495151169423846,0,0.037079292641186534
75,4,13,3,21,47,31.374786081003993,37.07929264118654,5.13405590416429,0,0,0,0
41,8,14,1,29,11,70.16543069024529,0,7.986309184255561,1.426126640045636,0.45636052481460354,0,0
36,4,8,0,6,30,3.4227039361095266,11.409013120365088,2.567027952082145,0,0,8.27153451226469,0
9,5,11,0,1,8,28.52253280091272,28.52253280091272,1.426126640045636,0,0,2.852253280091272,0
79,12,7,2,76,0,0,0,0,0,7.701083856246434,0,0.042783799201369085
66,10,9,0,61,4,0,0,0,0,9.12721049629207,0,0.022818026240730177
77,10,13,4,14,56,17.113519680547633,14.26126640045636,3.7079292641186536,0,0,7.701083856246434,0
82,9,8,0,81,0,17.113519680547633,0,2.2818026240730176,0,8.271534512264688,0,0
23,6,5,1,3,20,54.192812321734166,0,0,1.426126640045636,0,5.13405590416429,0
55,6,12,1,49,0,51.51688609044076,0,3.7206639954207215,0,3.4344590726960504,0,0
48,11,10,0,5,43,3.4344590726960504,22.89639381797367,0.8586147681740126,0,0,15.741270749856898,0
77,8,11,0,53,23,4.579278763594734,0,0,1.7172295363480252,5.323411562678879,0,0.04006868918145392
45,4,12,0,37,3,0,0,0,0,2.289639381797367,0,0.028620492272467088
17,3,15,0,4,10,61.82026330852891,0,4.579278763594734,0,0,0,0
36,13,8,1,7,27,37.20663995420721,0,0,0,0,8.586147681740126,0
70,10,12,2,21,42,17.172295363480252,28.620492272467086,3.720663995420721,0,0,8.013737836290783,0
57,8,7,1,9,47,3.4344590726960504,22.89639381797367,1.7172295363480252,0,0,16.88609044075558,0
47,5,15,4,46,0,45.792787635947334,0,4.5792787635947345,0,4.293073840870063,0,0.006868918145392101
103,15,9,1,100,2,0,0,2.289639381797367,2.289639381797367,8.013737836290785,0,0.017172295363480253
57,6,14,3,38,15,0,0,0,0,3.456221198156682,0,0.043202764976958526
51,5,9,2,12,39,3.456221198156682,0,0,0,0,12.38479262672811,0
36,6,9,0,33,2,17.28110599078341,0,0,1.4400921658986174,5.4723502304147456,0,0
17,3,11,1,7,5,63.364055299539174,0,4.320276497695852,0,0,0,0
43,6,9,1,40,3,4.608294930875576,0,0,0,4.493087557603687,0,0.01728110599078341
20,3,7,1,8,9,54.72350230414746,28.80184331797235,3.7442396313364057,0,0,0,0
50,5,5,0,48,2,9.216589861751151,0,0,0,5.241935483870968,0,0.03744239631336406
90,8,11,3,65,15,51.84331797235022,14.400921658986174,4.608294930875576,0,1.4400921658986174,0,0.02304147465437788
70,8,6,0,13,56,20.737327188940093,23.04147465437788,1.728110599078341,0,0,14.112903225806452,0
82,16,16,3,72,4,43.20276497695852,14.400921658986174,2.880184331797235,1.4400921658986174,4.896313364055299,2.880184331797235,0.06048387096774194
82,10,13,4,56,17,0,0,0,0,4.237288135593221,11.864406779661017,0.0423728813559322
85,9,8,1,78,6,0,0,0,0,9.322033898305085,0,0.03954802259887006
55,7,5,0,8,46,0,0,0,3.389830508474576,0,12.429378531073446,0
17,3,16,5,5,8,62.14689265536724,16.949152542372882,3.389830508474576,3.389830508474576,0,0,0
63,14,14,3,51,0,62.14689265536723,14.124293785310735,1.694915254237288,1.694915254237288,1.4124293785310735,0,0.0480225988700565
46,7,14,2,40,4,46.89265536723164,14.124293785310735,4.519774011299435,0,1.864406779661017,0,0.022598870056497175
60,5,14,2,41,12,19.77401129943503,0,5.649717514124294,0,5.649717514124294,0,0
67,15,9,1,49,17,18.64406779661017,14.124293785310735,0,0,6.101694915254238,0,0.0423728813559322
50,9,11,0,10,39,0,14.124293785310735,2.542372881355932,0,0,10.73446327683616,0
20,5,12,0,4,11,62.14689265536723,0,5.084745762711864,0,0,0,0
16,5,9,0,6,9,34.42340791738382,22.948938611589213,6.884681583476764,3.442340791738382,0,0,0
52,13,6,0,9,42,0,22.948938611589213,0,0,0,16.06425702811245,0
96,9,12,2,91,2,21.801491681009754,0,0,0,12.507171543316122,0,0
84,7,13,3,20,58,21.801491681009754,0,3.442340791738382,0,0,12.048192771084338,0.02868617326448652
72,16,9,1,65,6,0,0,0,0,8.032128514056225,0,0.04417670682730924
31,7,10,0,2,29,29.259896729776248,17.21170395869191,0,0,0,7.171543316121629,0
43,3,16,3,10,16,22.948938611589213,0,3.442340791738382,4.876649454962708,0,0,0
39,5,17,0,37,1,56.22489959839357,0,2.8686173264486516,0,0,0,0
62,9,10,1,56,6,0,0,0,0,8.032128514056225,0,0.020080321285140562
68,5,9,1,5,41,3.442340791738382,0,1.721170395869191,1.4343086632243258,0,10.040160642570282,0
16,3,3,0,15,1,12.12856276531231,0,0,0,0.9096422073984233,0,0.009096422073984234
67,8,13,3,52,14,12.12856276531231,15.160703456640388,0,1.5160703456640388,5.45785324439054,7.883565797453001,0.02425712553062462
19,5,10,1,5,13,60.64281382656155,33.35354760460885,2.72892662219527,0,0,0,0
101,7,12,4,77,11,0,0,0,0,5.761067313523347,0,0.02425712553062462
99,14,6,1,93,5,4.851425106124924,0,0,0,8.671922377198303,0,0.06973923590054579
50,6,8,0,5,43,0,0,1.8192844147968465,0,0,10.91570648878108,0
58,9,14,0,29,29,53.36567616737416,0,9.096422073984233,1.5160703456640388,0.4851425106124924,0,0
54,6,11,1,17,31,12.12856276531231,0,0,0,0,8.793208004851424,0.030321406913280776
47,4,9,1,33,13,0,0,0,0,4.244996967859309,0,0.025469981807155852
6,1,7,2,1,4,9.096422073984233,15.160703456640388,1.5160703456640388,0,0,4.851425106124924,0
5,3,9,1,2,3,36.58536585365854,0,1.829268292682927,3.658536585365854,0,0,0
72,11,8,2,68,4,0,0,0,0,7.317073170731708,0,0.039634146341463415
80,9,10,5,14,62,40.24390243902439,33.53658536585366,3.3536585365853657,0,0,9.146341463414634,0
53,14,12,0,50,2,12.195121951219512,0,0,1.524390243902439,7.621951219512196,0,0.024390243902439025
47,5,16,2,13,28,82.3170731707317,0,1.829268292682927,0,0,0,0
43,9,14,3,37,2,0,0,2.4390243902439024,0,8.231707317073171,0,0
58,9,15,4,55,2,45.73170731707317,15.24390243902439,0,4.878048780487805,1.524390243902439,0,0.024390243902439025
61,9,8,1,43,17,4.878048780487805,0,0,0,6.2804878048780495,0,0.039634146341463415
36,10,7,0,6,29,3.658536585365854,30.48780487804878,0,0,0,11.28048780487805,0
10,4,10,1,3,7,12.195121951219512,0,0,1.524390243902439,0,8.231707317073171,0
23,7,12,0,2,20,27.932960893854748,22.3463687150838,0,0,0,11.1731843575419,0
49,8,13,1,45,2,4.4692737430167595,0,0,0,8.268156424581004,0,0.013407821229050279
46,5,17,2,12,34,69.83240223463687,0,0,6.983240223463687,0,0,0
40,6,14,2,33,2,37.988826815642454,0,2.2346368715083798,0,6.145251396648044,0,0
66,12,11,0,6,55,14.525139664804469,0,0,1.3966480446927374,0,11.731843575418996,0
76,11,10,1,15,60,3.35195530726257,13.966480446927374,2.5139664804469275,3.35195530726257,0,15.921787709497206,0
45,7,13,1,42,2,62.011173184357546,0,0,1.9553072625698324,4.35754189944134,0,0
32,12,6,0,4,27,21.22905027932961,0,2.5139664804469275,0,0,13.128491620111731,0
88,16,7,1,83,4,4.4692737430167595,0,0,1.9553072625698324,7.988826815642458,0,0.036312849162011177
79,10,23,10,24,47,86.59217877094972,0,2.793296089385475,4.46927374301676,0.5586592178770949,0,0
49,5,7,0,8,41,14.840182648401827,0,2.5684931506849313,0,0,8.561643835616438,0
51,2,12,3,35,8,37.10045662100457,0,0,1.7123287671232876,4.280821917808219,0,0
63,6,9,0,61,1,17.123287671232877,0,0,1.9977168949771689,9.417808219178083,0,0
16,4,13,2,3,10,55.93607305936073,0,2.2831050228310503,1.4269406392694064,0,0,0
71,11,10,0,63,8,4.566210045662101,0,0,0,8.447488584474886,0,0.008561643835616438
61,3,13,6,38,13,59.93150684931507,0,4.566210045662101,3.1392694063926943,0,0,0
74,14,7,1,8,64,17.123287671232877,22.831050228310502,2.5684931506849313,0,0,16.267123287671232,0
18,7,9,1,4,11,34.24657534246575,22.831050228310502,5.136986301369863,0,0,0,0
82,4,6,1,76,3,42.80821917808219,14.269406392694064,4.566210045662101,0,3.7100456621004567,0,0.0228310502283105
58,9,9,1,56,1,4.566210045662101,0,0,1.7123287671232876,2.73972602739726,0,0.0656392694063927
59,11,5,0,15,44,3.5608308605341246,0,0,0,0,17.50741839762611,0
75,14,13,1,54,21,11.869436201780415,14.836795252225519,0,0,5.3412462908011875,7.715133531157269,0.01483679525222552
33,9,4,0,5,28,8.90207715133531,0,3.5608308605341246,0,0,6.231454005934719,0
59,8,15,3,14,38,83.0860534124629,0,8.30860534124629,1.4836795252225519,0,0,0
45,4,9,0,37,1,4.747774480712166,0,0,0,5.816023738872404,0,0.06231454005934718
37,5,11,1,35,1,4.747774480712166,0,0,0,4.629080118694363,0,0.03857566765578635
35,5,10,0,4,30,3.5608308605341246,23.73887240356083,0,0,0,10.385756676557863,0
41,6,9,0,38,2,4.747774480712166,0,0,0,4.629080118694363,0,0.03857566765578635
52,8,12,0,46,4,0,0,0,0,5.044510385756677,0,0.03560830860534125
51,7,14,3,38,10,0,0,0,0,6.528189910979228,0,0.017804154302670624
